incident_datetime,Incident_count,Ball_Direction of maximum wind gust,Ball_Maximum temperature (°C),Ball_Minimum temperature (°C),Ball_Speed of maximum wind gust (km/h),Fern_Direction of maximum wind gust,Fern_Maximum temperature (°C),Fern_Minimum temperature (°C),Fern_Speed of maximum wind gust (km/h),Wang_Direction of maximum wind gust,Wang_Maximum temperature (°C),Wang_Minimum temperature (°C),Wang_Speed of maximum wind gust (km/h)
2018-12-01,204,NNW,30.5,2.9,78.0,E,18.9,11.8,15.0,N,39.5,13.6,33.0
2018-12-02,132,NW,16.4,9.0,61.0,NW,21.2,10.1,19.0,NNW,45.6,18.4,50.0
2019-01-01,162,S,28.9,8.0,46.0,NW,10.7,7.2,24.0,WNW,27.3,10.7,44.0
2019-01-02,140,SE,26.0,13.3,43.0,WNW,10.7,8.6,26.0,NNE,28.3,8.5,35.0
2019-01-03,135,SE,32.8,12.3,43.0,SW,11.4,8.5,43.0,WSW,32.8,10.0,39.0
2019-01-04,214,NW,39.7,16.6,69.0,SW,10.5,8.7,20.0,W,36.2,9.5,35.0
2019-01-05,142,SSE,21.6,11.5,48.0,WSW,11.4,8.4,20.0,WSW,37.0,11.9,30.0
2019-01-06,143,SSE,21.9,7.3,50.0,E,12.8,5.2,11.0,SW,43.6,13.8,54.0
2019-01-07,127,SSE,26.9,12.6,43.0,NE,15.8,7.1,28.0,SW,20.7,19.7,37.0
2019-01-08,125,S,28.1,11.7,46.0,NNE,16.9,12.0,30.0,SSW,21.8,13.8,15.0
2019-01-09,136,SW,21.1,10.8,46.0,NNE,15.8,13.0,46.0,WNW,33.0,12.4,37.0
2019-01-10,113,SE,23.8,5.9,46.0,NNE,12.8,10.1,50.0,SSW,35.4,13.3,35.0
2019-01-11,143,SE,31.6,10.6,43.0,WNW,10.4,4.3,26.0,NNW,36.3,15.0,28.0
2019-01-12,154,SSE,30.7,15.6,57.0,S,9.9,5.8,30.0,WSW,40.6,19.5,70.0
2019-01-13,130,SE,28.0,11.4,63.0,NW,23.5,10.6,33.0,SW,27.6,10.8,56.0
2019-01-14,143,ESE,37.8,10.9,41.0,WSW,17.6,11.4,20.0,SW,28.9,11.4,39.0
2019-01-15,171,SSW,37.6,13.9,43.0,S,17.5,10.5,17.0,N,31.8,11.5,31.0
2019-01-16,138,S,36.9,15.5,50.0,SE,20.9,8.6,13.0,SSW,35.9,15.0,30.0
2019-01-17,146,W,33.6,20.4,61.0,SE,17.1,10.1,17.0,WSW,33.9,18.3,56.0
2019-01-18,163,SSW,30.6,17.9,44.0,SSE,17.8,9.3,19.0,SW,31.0,16.2,52.0
2019-01-19,157,SSE,24.9,9.2,41.0,SSW,21.1,8.7,20.0,NNE,32.6,11.2,39.0
2019-01-20,104,SSE,29.3,10.8,52.0,NNE,26.3,13.0,26.0,WNW,33.5,14.1,46.0
2019-01-21,112,SE,35.1,14.5,44.0,E,24.9,12.4,17.0,W,32.0,16.0,69.0
2019-01-22,167,SSW,36.9,15.3,46.0,NW,25.4,15.4,31.0,NNW,23.4,15.7,35.0
2019-01-23,150,None,30.6,13.9,0.0,NNE,27.3,16.4,22.0,NNW,27.7,15.1,46.0
2019-01-24,145,None,39.3,14.6,0.0,NW,21.6,15.2,57.0,NNW,34.2,12.9,70.0
2019-01-25,238,N,41.0,24.7,67.0,NW,22.9,10.6,39.0,W,22.6,16.8,72.0
2019-01-26,164,W,31.3,14.9,52.0,N,11.1,9.0,46.0,W,25.5,9.1,33.0
2019-01-27,164,W,26.2,12.0,50.0,NW,12.8,5.5,37.0,WSW,30.1,10.1,26.0
2019-01-28,142,N,31.7,11.2,44.0,WSW,15.8,9.1,41.0,W,33.6,12.6,37.0
2019-01-29,121,NNW,34.0,11.0,56.0,ESE,13.0,8.0,20.0,WSW,35.4,13.9,39.0
2019-01-30,328,NW,36.7,11.7,100.0,None,19.0,5.7,0.0,SW,34.6,13.0,46.0
2019-01-31,143,SSW,21.2,11.9,50.0,WSW,20.1,8.75,15.0,WSW,37.2,12.7,35.0
2019-02-01,171,ESE,22.5,8.4,63.0,NW,9.8,4.6,26.0,WSW,25.5,12.8,46.0
2019-02-02,138,NNW,33.7,7.9,48.0,NW,7.6,4.7,26.0,W,42.1,28.2,91.0
2019-02-03,204,SE,38.6,11.7,54.0,SW,8.4,5.0,15.0,W,27.8,19.6,50.0
2019-02-04,137,S,23.1,14.6,54.0,SW,8.1,5.3,11.0,SW,22.8,14.1,59.0
2019-02-05,150,SSE,25.0,12.7,61.0,WNW,10.3,4.5,13.0,SSE,29.0,5.1,30.0
2019-02-06,198,NW,34.2,14.5,69.0,E,11.3,5.4,15.0,NNE,32.7,9.2,26.0
2019-02-07,142,WNW,28.8,16.6,33.0,NW,10.7,5.5,15.0,ESE,33.9,17.5,50.0
2019-02-08,160,WSW,23.1,14.4,39.0,NNE,9.0,6.0,39.0,SSE,32.4,15.4,44.0
2019-02-09,150,WSW,17.7,9.1,69.0,N,8.6,4.8,41.0,ESE,31.5,16.2,50.0
2019-02-10,134,WNW,23.6,5.6,35.0,N,19.4,11.0,24.0,ESE,29.5,19.4,54.0
2019-02-11,121,NW,23.8,9.4,46.0,NNE,18.7,14.8,46.0,ENE,29.4,17.2,46.0
2019-02-12,93,W,17.0,13.9,63.0,N,21.2,15.1,44.0,WSW,30.5,19.1,37.0
2019-02-13,125,SW,18.5,6.0,43.0,None,11.7,7.0,0.0,SSE,34.7,18.2,37.0
2019-02-14,132,S,22.9,4.1,33.0,NW,13.4,7.2,22.0,NE,34.5,19.6,39.0
2019-02-15,127,SE,27.9,10.9,43.0,NW,16.6,8.2,28.0,SW,33.2,20.8,48.0
2019-02-16,121,S,29.8,11.7,37.0,N,15.3,10.4,37.0,WSW,33.9,18.6,41.0
2019-02-17,118,SW,29.5,11.4,35.0,N,14.4,9.3,13.0,NNW,33.9,18.6,41.0
2019-02-18,113,WSW,26.4,16.0,41.0,N,12.6,8.8,30.0,NNE,33.9,16.2,37.0
2019-02-19,128,SW,19.7,8.8,43.0,NW,7.6,3.8,28.0,W,32.6,15.4,65.0
2019-02-20,114,WSW,23.2,6.9,41.0,SSE,9.9,3.0,52.0,SW,24.1,14.8,56.0
2019-02-21,119,SSE,22.6,7.8,43.0,SE,11.6,6.6,33.0,W,27.7,10.1,37.0
2019-02-22,126,SSE,26.1,11.3,43.0,S,13.2,8.9,24.0,WSW,29.5,10.2,33.0
2019-02-23,138,SE,26.4,12.0,52.0,ESE,12.6,6.2,35.0,N,31.5,10.4,33.0
2019-02-24,154,N,31.0,10.7,57.0,SE,10.0,6.2,30.0,NNE,31.9,12.6,39.0
2019-02-25,170,NNE,31.3,15.6,52.0,SSW,10.1,5.4,20.0,NW,32.8,19.2,28.0
2019-02-26,140,SE,30.6,13.9,46.0,WSW,10.5,6.5,15.0,WSW,34.7,17.2,44.0
2019-02-27,136,SE,34.3,11.1,48.0,SW,11.9,7.0,22.0,WSW,25.1,18.0,48.0
2019-02-28,157,NNE,36.3,17.6,52.0,WSW,9.4,7.2,19.0,WSW,24.6,3.9,41.0
2019-03-01,173,N,35.5,21.6,44.0,NNE,9.8,4.3,37.0,NW,35.5,8.4,63.0
2019-03-02,187,N,34.4,20.0,56.0,N,9.9,5.8,67.0,W,31.9,11.1,39.0
2019-03-03,169,N,34.1,21.1,50.0,N,10.0,5.2,48.0,W,30.2,11.3,48.0
2019-03-04,143,WSW,33.1,13.7,39.0,NW,10.5,4.4,28.0,SW,29.2,12.4,37.0
2019-03-05,208,WSW,28.2,12.0,43.0,NW,10.1,5.2,20.0,SW,32.5,10.5,31.0
2019-03-06,132,SW,14.7,8.0,63.0,NW,14.4,6.1,22.0,W,35.6,13.8,41.0
2019-03-07,157,N,21.8,1.2,33.0,NE,14.7,8.6,30.0,NNW,41.2,14.0,61.0
2019-03-08,143,N,23.8,9.3,39.0,WNW,9.0,7.2,41.0,WSW,41.2,14.9,39.0
2019-03-09,162,S,27.6,12.8,35.0,NNE,7.7,3.9,46.0,SSW,34.5,19.9,44.0
2019-03-10,175,W,23.7,9.9,57.0,N,10.4,4.3,54.0,SSW,31.3,19.8,48.0
2019-03-11,125,SW,20.9,12.5,39.0,ENE,10.8,4.9,22.0,N,32.7,9.7,33.0
2019-03-12,122,W,16.7,10.5,48.0,ESE,11.3,4.7,30.0,NNE,34.6,15.3,33.0
2019-03-13,106,SSE,17.7,2.3,30.0,E,11.2,5.1,30.0,WSW,34.5,20.3,48.0
2019-03-14,142,S,22.3,4.7,39.0,SSE,11.7,6.5,17.0,WNW,25.3,17.8,52.0
2019-03-15,142,SE,21.7,7.9,57.0,ENE,12.8,7.2,20.0,WSW,26.0,8.9,48.0
2019-03-16,152,SE,28.4,11.6,61.0,NE,15.0,7.1,31.0,SW,31.7,9.4,37.0
2019-03-17,130,N,30.0,11.3,39.0,NNE,13.3,10.6,46.0,SW,31.3,10.3,35.0
2019-03-18,123,SE,26.5,13.6,48.0,NNE,9.3,8.1,44.0,NNE,32.1,8.8,26.0
2019-03-19,137,SE,23.5,15.1,48.0,NW,11.7,8.1,19.0,ESE,36.9,10.4,28.0
2019-03-20,129,SE,25.6,16.0,37.0,ESE,13.7,6.5,17.0,NNE,41.0,12.2,31.0
2019-03-21,129,SE,24.8,16.3,35.0,NE,12.6,7.6,50.0,NNW,42.4,14.0,35.0
2019-03-22,209,NE,31.1,16.0,37.0,NE,10.1,7.7,52.0,NNE,41.1,16.2,46.0
2019-03-23,170,NNE,31.2,17.1,56.0,NE,8.6,5.3,35.0,W,36.4,21.6,74.0
2019-03-24,145,NNE,28.0,10.6,67.0,N,9.3,5.0,52.0,W,39.9,19.3,39.0
2019-03-25,140,WNW,14.8,9.2,69.0,NW,7.6,4.8,31.0,N,37.3,19.9,46.0
2019-03-26,134,W,18.5,4.9,50.0,NW,7.0,2.7,31.0,S,36.6,20.6,43.0
2019-03-27,117,WSW,22.3,4.4,24.0,SSW,9.5,3.3,37.0,NNE,37.4,17.7,31.0
2019-03-28,127,N,25.4,6.5,46.0,SSW,8.5,5.7,22.0,NNE,35.6,20.9,65.0
2019-03-29,177,NNW,27.2,12.6,85.0,ESE,10.3,4.1,28.0,NNE,36.8,20.2,46.0
2019-03-30,143,WSW,13.3,4.7,61.0,NNE,10.5,6.0,28.0,N,36.3,20.8,39.0
2019-03-31,104,WSW,15.4,5.9,43.0,NW,11.3,4.8,22.0,SSW,23.5,22.3,44.0
2019-04-01,118,SE,18.3,7.4,35.0,NNW,11.7,5.0,17.0,NNE,32.2,8.4,28.0
2019-04-02,138,N,22.6,3.1,44.0,SW,13.0,5.5,15.0,WSW,26.5,6.0,30.0
2019-04-03,135,SE,21.8,10.1,41.0,SSW,13.8,5.7,13.0,NNE,26.5,5.3,22.0
2019-04-04,129,SE,24.0,9.6,46.0,SW,10.9,4.2,28.0,SE,26.8,7.7,37.0
2019-04-05,136,N,26.8,11.0,67.0,SSE,8.7,2.5,28.0,ESE,28.4,10.9,30.0
2019-04-06,147,SSW,18.7,11.6,35.0,E,8.5,1.7,22.0,SSE,30.1,13.1,28.0
2019-04-07,133,NW,22.9,4.3,57.0,E,10.1,1.5,24.0,S,30.7,13.1,31.0
2019-04-08,108,NW,19.5,7.0,52.0,NE,12.9,5.0,52.0,WSW,33.6,13.0,46.0
2019-04-09,85,WSW,13.3,6.0,43.0,NNE,9.0,6.7,65.0,NNW,35.1,15.4,44.0
2019-04-10,131,SSE,14.0,2.7,31.0,NW,9.9,2.7,19.0,NNE,37.0,15.3,39.0
2019-04-11,120,ESE,17.2,6.2,37.0,N,9.8,4.7,35.0,N,38.6,16.9,31.0
2019-04-12,169,NNE,21.4,2.3,43.0,N,10.9,6.3,50.0,SSW,33.0,19.7,44.0
2019-04-13,141,SE,19.5,4.4,39.0,NNE,12.8,8.5,61.0,W,33.6,14.1,43.0
2019-04-14,161,SE,23.2,11.8,37.0,NE,15.0,9.5,54.0,SSW,29.2,15.3,44.0
2019-04-15,121,N,24.5,10.8,33.0,N,10.4,7.6,43.0,SW,27.6,10.4,37.0
2019-04-16,148,N,28.3,17.2,50.0,WNW,7.0,5.4,46.0,W,30.4,9.3,26.0
2019-04-17,143,N,28.1,18.5,56.0,WSW,8.3,4.7,43.0,W,29.0,9.8,72.0
2019-04-18,141,S,16.9,5.4,44.0,W,7.8,5.9,33.0,WSW,26.4,5.6,37.0
2019-04-19,176,SE,22.6,8.2,39.0,NW,7.7,4.7,19.0,SW,28.6,9.6,37.0
2019-04-20,177,N,27.0,10.3,39.0,NE,7.5,3.4,26.0,WSW,31.4,6.1,31.0
2019-04-21,175,NNE,24.5,16.2,46.0,NW,7.6,3.0,11.0,WSW,34.5,9.7,30.0
2019-04-22,123,S,16.1,9.5,35.0,WSW,9.5,3.8,17.0,ESE,31.0,19.2,41.0
2019-04-23,142,SE,19.4,9.1,39.0,NNW,9.6,3.4,24.0,SE,32.7,11.9,28.0
2019-04-24,126,SSW,22.2,10.3,37.0,N,9.3,4.0,30.0,N,26.5,12.5,28.0
2019-04-25,144,W,18.8,5.4,37.0,N,9.1,4.6,48.0,S,30.0,15.1,22.0
2019-04-26,111,WSW,12.6,7.6,65.0,NE,13.0,6.5,67.0,NNE,33.5,19.0,33.0
2019-04-27,117,WSW,12.1,1.8,41.0,NNW,9.7,3.0,44.0,WNW,36.3,15.0,48.0
2019-04-28,119,WSW,14.6,7.4,41.0,N,12.9,5.7,43.0,S,26.8,15.0,46.0
2019-04-29,154,NNE,15.3,7.7,37.0,WNW,6.7,3.0,31.0,NE,29.4,11.2,31.0
2019-04-30,127,N,19.2,5.2,59.0,NNW,8.3,3.0,20.0,N,29.7,9.2,24.0
2019-05-01,157,NNE,18.7,10.7,67.0,WNW,16.3,6.3,24.0,WSW,22.3,3.1,20.0
2019-05-02,144,NNW,17.0,12.0,76.0,ESE,8.6,5.9,24.0,S,21.4,2.6,24.0
2019-05-03,138,NNW,16.1,4.6,44.0,SE,12.8,3.4,33.0,None,25.4,0.7,0.0
2019-05-04,118,SW,13.3,8.3,41.0,ESE,10.5,3.9,20.0,WNW,29.3,14.8,37.0
2019-05-05,113,SSE,13.3,7.9,33.0,E,15.7,2.8,26.0,SE,27.0,10.0,20.0
2019-05-06,122,SE,13.9,5.7,30.0,NNE,19.6,8.3,43.0,W,34.4,9.6,39.0
2019-05-07,146,NNW,16.7,1.6,56.0,WSW,10.8,6.6,30.0,WNW,30.3,12.9,41.0
2019-05-08,102,WSW,12.8,7.7,50.0,SW,10.9,1.8,20.0,SW,28.5,10.2,43.0
2019-05-09,105,N,12.2,5.2,56.0,SE,12.5,3.2,13.0,ESE,30.2,9.4,28.0
2019-05-10,121,SSW,9.1,5.6,54.0,NW,10.5,4.9,17.0,S,30.7,8.2,22.0
2019-05-11,102,SW,11.6,5.3,33.0,N,12.5,4.9,57.0,S,31.2,9.3,26.0
2019-05-12,104,NW,13.3,7.9,30.0,NNE,14.8,7.0,56.0,SSW,32.6,9.1,26.0
2019-05-13,88,NNW,13.3,9.1,46.0,N,9.9,4.5,37.0,NNE,32.8,9.2,31.0
2019-05-14,125,WNW,16.5,6.3,33.0,NNE,12.9,7.1,59.0,W,35.9,9.8,33.0
2019-05-15,115,W,14.5,6.9,22.0,NNW,8.3,4.9,43.0,SW,30.3,12.8,50.0
2019-05-16,118,SE,13.5,2.1,19.0,NNW,9.6,3.0,37.0,SSW,28.2,11.9,43.0
2019-05-17,172,N,14.7,0.6,28.0,N,9.0,3.5,39.0,N,30.1,9.9,37.0
2019-05-18,159,N,17.2,2.0,28.0,NE,11.1,2.2,44.0,SW,29.6,8.9,35.0
2019-05-19,148,N,18.5,5.0,44.0,NNE,14.4,5.5,70.0,NNE,30.3,7.3,33.0
2019-05-20,114,N,16.3,11.0,52.0,N,9.0,4.7,48.0,N,33.8,11.9,44.0
2019-05-21,116,NNW,15.0,6.7,35.0,NW,9.5,1.2,30.0,W,26.9,19.5,65.0
2019-05-22,109,N,16.9,5.4,28.0,WNW,9.3,2.8,20.0,W,25.9,1.6,35.0
2019-05-23,143,NNE,16.5,7.5,48.0,N,11.7,5.8,67.0,SW,28.8,7.8,44.0
2019-05-24,137,N,16.1,9.5,52.0,NNE,14.6,7.6,61.0,SE,28.2,12.0,43.0
2019-05-25,125,NNW,14.6,6.0,52.0,SW,9.2,4.1,24.0,SSW,28.8,8.8,48.0
2019-05-26,93,W,10.6,4.0,61.0,N,10.6,4.2,43.0,NNE,26.9,11.4,35.0
2019-05-27,85,W,8.5,3.0,56.0,NW,9.5,4.6,41.0,SW,29.3,16.3,57.0
2019-05-28,90,WNW,12.6,3.6,61.0,SW,7.5,2.0,44.0,N,21.2,16.4,43.0
2019-05-29,114,WSW,5.7,3.3,61.0,NW,6.8,2.0,22.0,W,18.4,8.0,57.0
2019-05-30,85,WSW,9.6,1.5,41.0,SW,7.7,3.7,19.0,NNE,21.7,3.9,24.0
2019-05-31,102,S,10.7,4.1,44.0,NW,9.7,4.7,9.0,NNE,28.9,9.3,30.0
2019-06-01,105,SSE,12.3,8.4,33.0,NNE,15.1,12.9,44.0,WSW,15.7,4.5,24.0
2019-06-02,103,WSW,9.7,6.1,50.0,ESE,11.4,5.8,41.0,WSW,14.5,3.5,31.0
2019-06-03,103,S,9.4,4.7,67.0,E,16.1,5.9,39.0,SSW,15.8,7.6,44.0
2019-06-04,96,None,8.3,4.6,0.0,NW,20.1,7.8,24.0,NNE,27.0,5.9,28.0
2019-06-05,93,S,8.7,5.4,39.0,E,21.4,12.9,19.0,SSW,27.9,9.6,43.0
2019-06-06,103,SSW,11.2,6.4,28.0,E,23.2,13.8,19.0,SSE,27.3,6.7,24.0
2019-06-07,109,N,13.4,6.0,31.0,SE,14.8,11.7,30.0,NNW,29.8,6.1,20.0
2019-06-08,118,NNE,13.5,1.9,41.0,E,10.9,5.6,67.0,WNW,31.5,9.6,41.0
2019-06-09,121,N,13.5,4.7,44.0,None,10.05,4.2,0.0,WSW,28.2,2.9,31.0
2019-06-10,99,N,14.5,6.3,70.0,WSW,9.2,6.0,28.0,W,26.9,3.3,28.0
2019-06-11,86,NNE,13.9,4.1,57.0,S,9.0,2.4,20.0,NNE,28.8,4.0,22.0
2019-06-12,76,NNW,12.5,8.4,63.0,E,12.6,3.1,20.0,SSW,31.3,8.7,37.0
2019-06-13,68,NNW,12.8,1.8,46.0,ENE,15.8,5.0,17.0,ENE,29.5,10.2,20.0
2019-06-14,80,NNW,11.3,5.7,44.0,NE,15.8,8.9,39.0,ENE,33.7,13.3,24.0
2019-06-15,102,NW,12.4,3.0,24.0,NNE,14.9,9.6,46.0,NW,33.6,15.1,69.0
2019-06-16,86,NNE,12.1,5.0,28.0,SW,11.5,4.7,20.0,N,29.1,7.0,37.0
2019-06-17,96,N,10.8,2.3,39.0,NW,12.6,4.6,33.0,NW,17.3,11.2,80.0
2019-06-18,97,WSW,8.1,4.8,50.0,WNW,12.6,7.7,24.0,WNW,18.8,10.9,48.0
2019-06-19,93,SW,9.4,0.7,24.0,SW,13.4,8.3,22.0,WNW,21.8,13.0,37.0
2019-06-20,112,SW,8.7,-0.8,28.0,NNE,18.6,9.4,52.0,SSW,22.3,7.0,28.0
2019-06-21,109,S,9.7,1.3,37.0,SW,14.1,6.4,31.0,N,24.5,3.2,26.0
2019-06-22,96,S,9.1,1.5,28.0,NW,15.4,4.3,24.0,NNE,25.5,9.4,22.0
2019-06-23,118,SE,10.7,0.9,31.0,NE,17.5,9.1,59.0,ESE,27.5,6.9,20.0
2019-06-24,137,N,11.3,-2.5,28.0,NNE,9.8,8.0,76.0,NW,26.9,5.8,19.0
2019-06-25,105,N,12.3,0.5,48.0,NW,10.5,0.9,22.0,SW,26.9,5.9,24.0
2019-06-26,118,N,13.6,-0.5,33.0,N,13.3,3.4,39.0,NNE,27.4,5.0,26.0
2019-06-27,92,NNE,12.6,4.9,52.0,N,15.5,8.9,46.0,N,28.5,6.5,22.0
2019-06-28,121,N,14.6,7.3,57.0,WSW,11.9,3.8,28.0,SW,25.5,10.8,31.0
2019-06-29,110,N,11.2,9.3,107.0,NW,13.2,2.4,19.0,SSW,21.6,4.6,44.0
2019-06-30,89,NNW,9.5,3.8,48.0,NW,15.2,5.8,20.0,S,22.8,4.0,20.0
2019-07-01,102,N,8.4,4.6,59.0,NNW,25.4,18.7,44.0,NE,12.6,3.8,22.0
2019-07-02,84,N,10.1,3.5,44.0,W,17.4,7.6,41.0,NNE,10.0,4.3,20.0
2019-07-03,117,SE,10.9,4.7,31.0,NW,20.2,5.5,31.0,N,11.0,6.2,28.0
2019-07-04,101,SE,12.3,6.5,43.0,NW,23.4,11.3,35.0,NNE,24.4,0.7,26.0
2019-07-05,129,N,13.8,2.2,39.0,NE,18.5,13.1,33.0,N,23.4,7.0,28.0
2019-07-06,137,N,14.7,5.4,46.0,SW,12.9,6.4,35.0,NW,28.2,3.1,67.0
2019-07-07,106,N,13.8,8.2,50.0,SW,13.7,4.0,24.0,WNW,16.5,12.1,52.0
2019-07-08,95,W,11.8,5.0,35.0,W,15.4,6.1,31.0,SW,16.8,2.1,19.0
2019-07-09,104,NW,11.5,2.4,35.0,WSW,17.5,7.7,20.0,NNE,19.8,3.0,17.0
2019-07-10,142,NW,12.3,4.2,96.0,SW,21.3,7.6,20.0,N,20.9,2.0,31.0
2019-07-11,95,WSW,10.1,4.4,57.0,NE,24.2,10.8,20.0,NNW,21.3,3.0,19.0
2019-07-12,96,NNW,10.8,5.3,57.0,N,25.1,20.6,44.0,N,20.0,1.7,26.0
2019-07-13,108,WSW,7.5,2.8,54.0,NNW,13.9,12.9,17.0,WSW,13.4,8.6,59.0
2019-07-14,113,W,9.2,2.8,72.0,ESE,14.3,8.3,30.0,ESE,13.1,3.3,20.0
2019-07-15,116,SSW,10.5,6.1,57.0,E,16.7,4.6,37.0,SSW,18.1,3.1,50.0
2019-07-16,89,W,9.3,6.9,39.0,E,16.8,6.3,28.0,S,20.0,7.6,35.0
2019-07-17,79,WSW,10.3,5.9,54.0,E,22.9,7.3,26.0,WSW,19.8,0.7,19.0
2019-07-18,95,NNW,10.4,4.0,44.0,NE,25.9,15.1,33.0,SW,17.7,-1.1,31.0
2019-07-19,114,NNW,11.4,5.4,39.0,NE,23.0,19.4,44.0,SSW,16.3,-0.3,20.0
2019-07-20,136,N,12.0,5.1,63.0,WSW,17.9,8.7,35.0,SW,15.1,-2.2,31.0
2019-07-21,86,NNE,13.0,6.1,61.0,WSW,13.5,5.9,41.0,NW,13.6,4.3,15.0
2019-07-22,107,N,12.7,3.1,72.0,WSW,10.2,7.0,41.0,SW,13.7,4.8,20.0
2019-07-23,97,N,10.7,5.9,72.0,WSW,12.2,8.0,33.0,WSW,14.2,2.4,30.0
2019-07-24,87,WNW,11.2,2.1,33.0,SE,15.1,8.5,19.0,SSW,17.0,9.5,44.0
2019-07-25,79,N,10.9,5.6,43.0,E,17.3,8.1,19.0,SW,18.3,10.4,44.0
2019-07-26,98,NNE,10.3,6.2,39.0,E,19.4,9.3,26.0,SW,18.3,5.6,33.0
2019-07-27,101,N,10.3,3.7,26.0,SE,18.8,10.8,39.0,WSW,17.9,0.3,20.0
2019-07-28,92,NW,9.9,-1.4,22.0,SSW,18.1,10.2,28.0,SSW,18.5,-0.2,13.0
2019-07-29,93,SSW,11.5,3.9,30.0,S,19.0,8.7,20.0,NNE,20.1,-0.1,20.0
2019-07-30,109,S,9.0,4.7,35.0,NNW,19.1,5.0,30.0,SSE,18.8,2.0,11.0
2019-07-31,118,SE,11.5,4.1,37.0,NNE,20.3,10.6,39.0,NNE,20.9,3.6,24.0
2019-08-01,104,SSW,10.3,4.1,31.0,WSW,15.8,8.8,48.0,NNE,17.5,4.9,24.0
2019-08-02,116,W,9.7,5.6,26.0,WSW,18.0,7.1,28.0,WNW,14.3,7.1,61.0
2019-08-03,105,WSW,10.0,6.1,39.0,SW,15.6,9.3,26.0,WNW,9.9,2.7,24.0
2019-08-04,107,WSW,9.8,5.6,17.0,E,22.6,8.5,19.0,NW,14.8,6.0,61.0
2019-08-05,95,N,11.7,3.5,43.0,NNE,30.4,13.1,31.0,W,15.4,-2.3,17.0
2019-08-06,113,N,10.2,5.2,54.0,NNE,31.7,21.6,48.0,S,17.0,-2.3,28.0
2019-08-07,97,NNE,10.8,4.5,35.0,NE,26.5,20.1,19.0,NE,17.3,0.8,13.0
2019-08-08,105,N,8.9,2.8,67.0,NW,18.2,12.3,20.0,SSE,17.9,1.1,15.0
2019-08-09,102,WNW,6.1,2.7,80.0,ESE,19.9,11.7,20.0,SE,16.9,-0.8,15.0
2019-08-10,100,W,9.0,0.1,54.0,E,23.2,9.6,22.0,NNE,18.9,-1.4,35.0
2019-08-11,101,SW,9.8,0.3,52.0,NE,28.0,14.2,33.0,N,18.2,0.9,43.0
2019-08-12,82,SSW,8.3,1.6,33.0,SW,16.7,15.9,35.0,WNW,11.1,5.5,35.0
2019-08-13,98,WSW,9.2,4.1,24.0,NE,20.1,13.1,33.0,N,13.9,10.2,17.0
2019-08-14,87,NNW,8.0,4.8,44.0,NW,21.4,13.6,33.0,SW,16.3,1.0,11.0
2019-08-15,83,N,11.4,1.3,46.0,NNE,19.4,13.1,33.0,N,16.4,0.4,30.0
2019-08-16,102,N,11.6,4.3,56.0,SW,20.1,12.4,17.0,NW,13.8,5.5,31.0
2019-08-17,144,NNE,12.3,0.4,43.0,SE,19.8,11.3,20.0,N,11.3,8.1,30.0
2019-08-18,77,W,10.4,3.9,81.0,E,25.0,12.5,19.0,N,12.2,5.9,35.0
2019-08-19,106,WSW,8.3,1.7,50.0,S,20.3,14.3,24.0,WNW,12.1,7.6,56.0
2019-08-20,94,W,12.8,2.8,52.0,E,18.6,10.9,39.0,WNW,9.5,6.0,46.0
2019-08-21,101,W,12.7,7.6,63.0,SSW,15.8,9.3,24.0,WSW,11.7,4.2,39.0
2019-08-22,103,SW,10.4,7.0,67.0,S,23.1,8.5,15.0,SW,14.5,0.7,39.0
2019-08-23,118,NNE,11.9,-1.5,52.0,NW,29.0,13.3,28.0,SSW,14.7,-1.1,20.0
2019-08-24,139,WSW,14.3,3.3,63.0,ESE,27.4,14.9,22.0,SW,14.6,-0.9,11.0
2019-08-25,108,WSW,9.2,2.0,41.0,SE,27.9,9.9,15.0,SSE,14.6,-1.3,11.0
2019-08-26,101,WSW,11.6,1.0,26.0,WNW,34.7,16.6,30.0,NNE,13.0,-1.7,13.0
2019-08-27,95,W,12.4,3.6,31.0,NW,32.3,21.7,31.0,WSW,12.3,-1.7,19.0
2019-08-28,102,SSW,8.6,2.4,44.0,SW,21.1,17.3,31.0,WSW,13.7,-0.3,20.0
2019-08-29,120,SSE,9.6,0.5,44.0,SE,18.5,15.4,19.0,SSW,13.0,-3.9,11.0
2019-08-30,140,ESE,14.1,0.5,28.0,SE,25.2,11.9,26.0,ENE,13.9,-4.0,15.0
2019-08-31,133,NNE,15.2,1.8,56.0,N,28.9,11.5,33.0,NNW,15.7,0.5,15.0
2019-09-01,96,NW,15.9,7.6,65.0,ESE,30.2,11.6,22.0,ESE,13.8,-4.2,24.0
2019-09-02,93,N,13.6,6.0,43.0,NNE,38.7,13.6,41.0,SW,15.0,-3.7,20.0
2019-09-03,123,N,18.6,6.2,31.0,E,16.0,11.7,22.0,NNE,12.4,3.8,41.0
2019-09-04,135,NNW,15.5,3.9,33.0,S,19.1,11.0,22.0,S,12.1,2.0,15.0
2019-09-05,107,N,16.2,2.6,35.0,ESE,23.3,10.8,24.0,NE,13.7,-3.8,15.0
2019-09-06,93,W,10.6,4.3,59.0,SE,24.6,11.9,28.0,NE,13.9,-1.5,15.0
2019-09-07,110,W,9.3,4.2,65.0,ESE,17.8,11.0,26.0,NNE,16.6,-0.4,31.0
2019-09-08,90,W,10.1,5.1,67.0,E,20.3,7.8,28.0,NNE,18.6,5.0,35.0
2019-09-09,103,SSW,9.7,3.5,54.0,ESE,29.8,10.0,20.0,W,14.5,8.2,54.0
2019-09-10,112,W,10.6,3.5,22.0,ESE,25.1,18.7,31.0,W,11.7,6.6,57.0
2019-09-11,144,N,15.4,-0.6,41.0,ESE,27.1,10.3,37.0,WSW,13.5,6.8,48.0
2019-09-12,111,N,15.7,7.6,56.0,WNW,36.1,14.7,26.0,WSW,14.7,5.6,31.0
2019-09-13,89,WNW,16.0,-0.3,35.0,SSW,36.9,20.7,24.0,NNE,12.9,-2.8,15.0
2019-09-14,135,NNE,16.9,6.8,30.0,E,31.5,16.6,31.0,NE,10.0,-3.3,20.0
2019-09-15,112,N,16.2,8.5,50.0,NW,31.4,20.0,28.0,NNE,10.4,0.6,13.0
2019-09-16,96,S,10.3,5.8,50.0,NW,28.9,20.5,22.0,SSW,13.3,-3.3,20.0
2019-09-17,89,SSE,11.1,0.5,43.0,S,20.9,12.2,24.0,N,11.4,-4.6,15.0
2019-09-18,116,N,15.0,-0.7,35.0,E,23.0,11.6,26.0,N,11.6,-2.4,26.0
2019-09-19,107,NNE,19.4,5.0,74.0,E,30.2,13.6,19.0,N,10.8,-0.7,30.0
2019-09-20,116,NNE,22.4,12.6,67.0,SW,32.7,14.2,19.0,WNW,16.9,-1.9,76.0
2019-09-21,131,NW,13.9,9.6,54.0,SE,25.3,14.3,26.0,N,13.2,0.2,26.0
2019-09-22,105,NNW,11.5,0.8,41.0,E,36.4,14.8,22.0,NW,18.1,-0.7,57.0
2019-09-23,97,WSW,11.4,4.5,43.0,NNE,39.5,22.6,54.0,WNW,11.2,3.4,43.0
2019-09-24,86,W,10.4,2.1,31.0,SSW,27.0,14.6,26.0,W,10.1,-1.0,30.0
2019-09-25,119,WSW,13.4,3.4,28.0,NW,23.7,12.7,19.0,NNE,12.3,3.1,19.0
2019-09-26,117,NNW,16.5,1.1,35.0,NW,31.6,12.1,20.0,NNE,11.8,-3.3,35.0
2019-09-27,126,SW,14.8,6.1,56.0,NW,31.9,14.9,28.0,NW,16.2,1.8,59.0
2019-09-28,116,SSE,12.4,2.0,28.0,N,35.7,15.6,44.0,W,14.2,7.5,28.0
2019-09-29,126,SW,12.5,4.7,35.0,SSW,19.6,12.9,33.0,NNE,13.1,2.7,17.0
2019-09-30,115,S,12.4,5.8,41.0,N,26.4,8.6,44.0,N,16.5,3.6,20.0
2019-10-01,121,N,18.4,0.3,31.0,WSW,11.8,5.3,22.0,W,18.8,0.7,39.0
2019-10-02,132,N,21.8,7.0,41.0,SE,23.1,8.6,41.0,SW,15.3,2.6,39.0
2019-10-03,139,NNE,22.9,13.5,44.0,WNW,33.1,12.2,30.0,NNE,19.1,-2.0,24.0
2019-10-04,138,SW,13.2,7.6,35.0,WNW,36.5,21.1,35.0,WNW,14.5,6.5,35.0
2019-10-05,142,NNE,20.0,6.7,50.0,SE,20.7,14.9,31.0,N,14.8,-2.3,31.0
2019-10-06,109,NNW,19.3,12.0,56.0,E,25.9,12.7,28.0,WNW,16.0,1.2,54.0
2019-10-07,116,None,14.4,6.7,0.0,E,30.9,13.5,28.0,NW,13.1,5.9,39.0
2019-10-08,100,None,11.2,5.0,0.0,N,28.1,17.8,22.0,NNE,16.7,3.4,44.0
2019-10-09,92,S,11.0,4.2,35.0,WSW,21.6,14.4,19.0,NNW,12.3,6.3,52.0
2019-10-10,120,SSE,13.8,6.1,35.0,SW,14.9,9.4,43.0,W,13.0,5.0,46.0
2019-10-11,101,SE,15.3,5.8,46.0,W,20.9,7.3,20.0,W,11.3,5.9,28.0
2019-10-12,130,SE,19.0,5.9,41.0,NW,24.0,10.2,31.0,N,11.6,0.5,24.0
2019-10-13,109,NNE,19.3,8.7,44.0,NW,16.6,14.6,43.0,NNE,18.3,-0.6,48.0
2019-10-14,128,SSW,23.0,10.1,37.0,SW,16.3,6.2,28.0,W,11.4,6.0,43.0
2019-10-15,103,S,17.2,7.5,31.0,SW,20.5,6.5,22.0,WNW,11.4,3.2,33.0
2019-10-16,122,NNW,16.7,9.2,44.0,ESE,23.8,10.3,20.0,W,14.9,5.7,35.0
2019-10-17,91,W,10.6,5.4,69.0,SSW,26.7,12.6,20.0,N,15.1,8.0,24.0
2019-10-18,103,NW,17.3,0.5,69.0,W,27.3,12.7,19.0,W,14.0,3.1,44.0
2019-10-19,122,W,12.7,4.9,56.0,SW,23.5,17.6,30.0,W,13.4,2.3,30.0
2019-10-20,124,WSW,12.5,4.5,41.0,W,18.8,10.0,20.0,WNW,14.3,2.2,26.0
2019-10-21,125,SE,17.4,6.8,26.0,SW,20.0,8.5,26.0,W,12.6,0.4,59.0
2019-10-22,131,SSE,22.8,4.8,20.0,E,18.2,10.3,26.0,SW,11.3,3.9,57.0
2019-10-23,164,ESE,26.0,4.1,24.0,E,21.5,11.1,26.0,SW,11.0,1.6,37.0
2019-10-24,192,NNE,29.5,10.6,48.0,E,24.8,10.7,41.0,W,11.9,6.3,43.0
2019-10-25,152,NW,18.9,11.7,50.0,E,29.4,12.9,28.0,SSE,12.8,0.3,13.0
2019-10-26,116,W,13.1,5.1,70.0,NW,30.8,19.4,30.0,ENE,13.4,0.0,17.0
2019-10-27,111,W,14.5,3.2,39.0,ESE,24.0,20.3,22.0,E,15.8,-1.8,17.0
2019-10-28,149,S,20.3,2.5,24.0,None,30.7,9.1,0.0,S,17.7,0.0,15.0
2019-10-29,166,N,26.0,6.1,48.0,NE,33.2,14.4,43.0,WSW,18.4,-0.5,28.0
2019-10-30,152,NNW,29.8,9.3,35.0,ESE,25.6,12.2,20.0,SSW,14.3,4.6,35.0
2019-10-31,160,N,29.2,13.9,61.0,SE,21.3,13.2,28.0,SW,13.1,-3.1,22.0
2019-11-01,206,N,28.5,16.0,65.0,NE,34.7,24.8,35.0,NNE,28.2,1.7,28.0
2019-11-02,150,W,17.4,12.6,54.0,N,32.4,23.2,33.0,WNW,29.9,2.3,39.0
2019-11-03,105,WNW,19.7,11.6,39.0,N,33.3,24.1,33.0,W,32.6,4.7,35.0
2019-11-04,125,WSW,12.7,2.9,63.0,ESE,29.9,15.4,19.0,WNW,15.8,6.5,35.0
2019-11-05,113,NW,16.3,0.2,37.0,S,27.1,15.2,20.0,SW,14.3,0.9,24.0
2019-11-06,111,NNW,14.8,6.7,69.0,WSW,14.2,8.5,31.0,SSE,16.1,0.4,24.0
2019-11-07,90,W,13.2,6.8,56.0,ENE,20.1,7.1,17.0,N,18.4,-0.7,20.0
2019-11-08,104,SSW,11.8,6.1,61.0,WNW,22.8,9.3,24.0,N,19.3,0.5,37.0
2019-11-09,104,W,10.8,2.9,52.0,S,24.8,13.0,15.0,NNE,17.3,7.1,43.0
2019-11-10,102,WSW,14.4,6.9,39.0,WSW,23.7,14.4,33.0,WSW,16.6,5.5,43.0
2019-11-11,125,N,26.0,3.4,50.0,SW,21.5,13.7,24.0,WSW,16.3,0.1,30.0
2019-11-12,122,W,13.7,7.2,70.0,WSW,14.5,11.4,30.0,WSW,15.9,1.8,31.0
2019-11-13,88,W,14.4,4.2,52.0,SE,16.6,7.7,20.0,WSW,19.2,2.4,17.0
2019-11-14,100,WSW,17.9,7.4,35.0,E,20.1,7.9,26.0,W,22.1,2.0,50.0
2019-11-15,120,W,16.2,8.2,48.0,E,20.8,9.7,31.0,W,17.5,10.5,41.0
2019-11-16,126,WSW,13.6,4.0,35.0,E,26.4,10.5,28.0,WSW,19.0,0.2,22.0
2019-11-17,121,SSW,15.4,5.7,35.0,NW,26.4,13.6,20.0,N,21.3,1.2,31.0
2019-11-18,128,W,24.5,2.4,41.0,E,24.0,12.5,35.0,WSW,16.2,3.9,72.0
2019-11-19,124,SSE,20.4,6.8,35.0,E,24.2,15.0,28.0,WSW,12.7,1.0,39.0
2019-11-20,173,NE,29.7,6.8,48.0,SW,24.4,15.2,17.0,N,16.3,-2.4,31.0
2019-11-21,408,NNW,35.3,17.4,94.0,SW,24.4,15.8,13.0,W,21.5,-1.1,52.0
2019-11-22,186,S,19.7,7.6,35.0,N,28.9,16.2,33.0,W,15.0,7.8,37.0
2019-11-23,148,W,19.5,4.9,44.0,NE,27.6,15.0,44.0,SSW,16.0,-1.8,35.0
2019-11-24,154,N,23.7,3.8,28.0,N,25.5,13.3,43.0,SSE,19.9,-1.3,20.0
2019-11-25,148,N,24.0,6.4,69.0,WNW,14.3,10.5,43.0,WSW,21.4,0.7,24.0
2019-11-26,159,SW,13.4,7.3,54.0,SW,16.7,7.0,31.0,SW,19.6,0.7,44.0
2019-11-27,131,NW,21.8,0.8,46.0,E,19.9,8.0,17.0,NNE,19.6,-1.0,20.0
2019-11-28,123,SE,23.2,6.3,39.0,NW,23.9,11.2,24.0,NNE,20.0,-0.4,24.0
2019-11-29,162,SW,21.5,6.7,37.0,SW,25.2,17.3,50.0,ESE,20.4,2.8,20.0
2019-11-30,138,W,17.1,4.7,35.0,W,9.1,5.3,30.0,N,23.6,1.3,33.0
2019-12-01,97,NNW,14.6,5.6,52.0,SW,9.2,4.8,31.0,SSE,27.0,15.1,46.0
2019-12-02,94,WSW,11.7,5.0,57.0,SE,14.1,8.3,17.0,ENE,28.3,9.4,24.0
2019-12-03,106,W,19.3,4.8,61.0,NW,21.6,7.8,28.0,WNW,29.3,8.6,44.0
2019-12-04,124,W,20.7,8.4,50.0,NW,21.7,13.4,24.0,NNE,23.5,-1.0,31.0
2019-12-05,133,WSW,20.4,4.3,57.0,E,20.1,9.3,19.0,ESE,23.9,3.9,17.0
2019-12-06,124,WSW,18.2,8.7,46.0,NNE,23.6,11.2,57.0,N,21.1,10.7,30.0
2019-12-07,171,SSW,21.4,5.0,35.0,N,17.6,12.6,46.0,SSW,22.4,10.6,30.0
2019-12-08,147,SE,28.8,6.7,26.0,NW,21.7,8.8,31.0,SE,22.3,3.8,24.0
2019-12-09,195,W,34.4,14.1,56.0,NW,18.5,9.3,39.0,SW,23.0,2.1,31.0
2019-12-10,120,S,20.3,10.3,44.0,SSW,11.5,6.3,30.0,S,25.5,3.2,24.0
2019-12-11,124,SSE,21.9,8.7,44.0,E,11.9,6.0,15.0,ESE,27.2,3.6,20.0
2019-12-12,135,SW,17.3,9.5,44.0,SE,16.2,6.6,20.0,SE,21.6,8.0,33.0
2019-12-13,164,SW,19.3,6.9,41.0,NNE,20.4,7.0,20.0,SSE,20.5,11.5,44.0
2019-12-14,150,WSW,20.6,10.1,35.0,SE,17.8,10.3,17.0,S,22.3,0.7,28.0
2019-12-15,136,W,21.4,10.8,44.0,ESE,20.3,9.2,17.0,ESE,23.0,1.3,30.0
2019-12-16,140,SSW,24.9,9.1,37.0,E,22.6,13.4,26.0,E,24.0,2.7,30.0
2019-12-17,145,SSE,30.7,10.7,35.0,NE,25.6,17.3,31.0,NNE,26.7,7.0,41.0
2019-12-18,175,NNW,30.4,12.4,41.0,NNE,25.6,19.3,44.0,NNE,29.1,8.7,46.0
2019-12-19,173,SE,30.1,16.0,41.0,ESE,14.9,7.8,31.0,WNW,23.1,15.9,56.0
2019-12-20,342,N,43.5,12.7,61.0,ESE,21.6,6.7,28.0,NNW,23.4,13.6,35.0
2019-12-21,214,S,20.1,13.6,52.0,None,25.3,13.5,0.0,N,22.1,9.8,28.0
2019-12-22,140,SE,23.4,6.3,48.0,NE,23.0,19.3,43.0,NNE,28.4,4.8,35.0
2019-12-23,159,SE,27.1,8.6,41.0,E,12.8,9.9,22.0,WSW,22.9,13.3,63.0
2019-12-24,126,SSE,26.6,9.9,41.0,ESE,14.7,10.1,24.0,SW,21.4,3.2,28.0
2019-12-25,131,SSW,30.6,12.2,46.0,SW,19.2,10.7,15.0,NNE,26.1,1.3,24.0
2019-12-26,130,SSE,26.7,11.5,44.0,NW,16.4,8.1,20.0,SW,27.6,5.3,46.0
2019-12-27,165,SE,35.0,10.4,50.0,WSW,10.9,7.9,37.0,SSW,23.1,6.2,28.0
2019-12-28,143,WNW,36.8,17.5,44.0,WNW,10.7,3.9,24.0,WSW,25.6,2.1,31.0
2019-12-29,171,NNW,38.5,15.4,54.0,NW,13.0,7.1,22.0,W,24.7,1.8,43.0
2019-12-30,350,NW,39.9,18.1,80.0,N,14.0,8.0,19.0,SSW,23.7,3.7,50.0
2019-12-31,302,S,21.7,10.9,61.0,NE,18.9,8.3,39.0,WNW,25.3,6.0,26.0
2020-01-01,235,WSW,25.9,7.4,41.0,NW,8.3,3.3,37.0,N,40.0,20.8,46.0
2020-01-02,180,ESE,27.2,8.6,39.0,N,17.6,13.7,43.0,SW,34.8,21.6,50.0
2020-01-03,222,N,34.9,10.9,43.0,NNE,17.1,12.9,39.0,NW,35.1,22.0,63.0
2020-01-04,209,S,24.4,17.1,56.0,NW,15.5,9.5,20.0,NNW,32.0,19.0,31.0
2020-01-05,162,SSE,14.1,9.2,57.0,WSW,11.0,8.8,30.0,N,37.3,10.3,41.0
2020-01-06,152,SE,18.6,9.2,54.0,SW,12.2,7.6,19.0,WSW,33.8,19.6,80.0
2020-01-07,131,SE,21.7,12.8,54.0,SE,12.5,8.3,11.0,WNW,23.3,12.5,44.0
2020-01-08,142,SE,26.6,12.9,52.0,N,13.4,5.7,43.0,WNW,27.6,2.7,35.0
2020-01-09,153,SE,33.0,14.5,46.0,W,12.5,6.4,31.0,NNE,29.3,14.4,39.0
2020-01-10,182,WNW,29.0,18.1,72.0,NNE,11.4,6.5,43.0,NW,25.9,16.6,43.0
2020-01-11,153,S,18.9,10.0,50.0,S,9.9,7.6,37.0,SSW,18.9,12.4,43.0
2020-01-12,121,SSE,22.1,9.0,56.0,SW,10.1,6.1,22.0,WSW,19.4,5.1,37.0
2020-01-13,136,ESE,29.9,9.0,56.0,NW,11.8,6.8,17.0,WSW,22.1,3.3,39.0
2020-01-14,172,ESE,34.1,15.7,44.0,NW,12.7,8.9,33.0,NNW,26.4,3.6,44.0
2020-01-15,247,W,35.1,20.8,59.0,NNW,15.8,8.6,22.0,N,28.9,5.3,28.0
2020-01-16,144,SSE,20.5,12.1,54.0,SW,12.2,8.8,13.0,NNE,30.6,7.0,28.0
2020-01-17,125,SE,17.1,7.6,59.0,ESE,13.9,5.8,11.0,NNE,24.6,12.6,54.0
2020-01-18,105,SE,28.1,10.9,54.0,NNW,15.7,7.3,15.0,NNW,27.1,16.5,33.0
2020-01-19,189,SE,29.7,13.1,57.0,NW,17.2,9.2,15.0,WSW,25.0,12.0,35.0
2020-01-20,133,SSE,19.5,15.4,48.0,NNE,16.8,11.1,28.0,SSW,27.2,5.8,30.0
2020-01-21,107,SSW,24.3,10.6,35.0,NNE,15.0,12.5,46.0,ESE,27.9,9.5,30.0
2020-01-22,180,N,29.4,11.8,83.0,NW,15.4,8.7,24.0,NNE,28.6,7.6,31.0
2020-01-23,102,WNW,18.7,10.2,63.0,NW,17.4,9.6,22.0,N,30.0,8.4,39.0
2020-01-24,136,WNW,20.5,5.9,37.0,NNE,17.2,10.5,37.0,W,31.3,11.2,57.0
2020-01-25,135,NW,26.5,8.3,39.0,N,16.0,13.5,43.0,NW,24.6,14.4,46.0
2020-01-26,149,WSW,24.2,11.4,35.0,NW,15.4,10.2,33.0,NW,13.5,9.8,56.0
2020-01-27,118,S,25.4,9.9,37.0,NW,9.7,4.3,37.0,W,15.6,8.5,52.0
2020-01-28,138,WSW,27.1,10.0,35.0,WSW,9.9,2.9,39.0,WSW,20.8,10.0,44.0
2020-01-29,121,ESE,32.6,12.1,33.0,NW,9.4,3.0,37.0,S,24.9,6.5,43.0
2020-01-30,166,N,37.2,13.1,52.0,NNW,5.6,4.0,30.0,SW,26.3,7.4,28.0
2020-01-31,211,NNW,39.4,18.7,93.0,WSW,9.2,2.1,22.0,NE,27.2,9.6,31.0
2020-02-01,196,NNW,25.4,21.9,48.0,SSE,10.1,7.8,19.0,SSW,25.9,20.9,48.0
2020-02-02,99,W,22.3,10.5,50.0,NW,9.5,7.3,19.0,SSW,30.3,17.1,48.0
2020-02-03,99,SSW,16.6,9.1,54.0,E,7.2,4.7,35.0,NNW,31.9,6.9,39.0
2020-02-04,107,SSE,19.8,5.6,48.0,ESE,8.1,3.6,31.0,NW,23.6,15.1,54.0
2020-02-05,121,SE,21.8,9.2,54.0,SW,8.5,4.7,19.0,W,26.5,5.9,54.0
2020-02-06,170,SE,28.9,11.1,56.0,WSW,9.8,6.1,17.0,SSW,29.2,13.1,35.0
2020-02-07,162,SE,27.4,14.8,48.0,NNW,12.8,7.2,19.0,NNE,31.9,10.0,26.0
2020-02-08,135,SE,26.6,16.7,57.0,N,14.1,7.2,31.0,N,34.7,11.4,35.0
2020-02-09,125,SE,25.4,16.0,54.0,NE,14.2,9.2,43.0,ENE,37.2,14.7,35.0
2020-02-10,111,ESE,22.7,15.6,43.0,N,13.5,10.3,52.0,NNW,38.0,16.0,57.0
2020-02-11,132,S,24.7,16.1,43.0,N,15.2,7.1,33.0,SSW,30.1,20.4,48.0
2020-02-12,132,SE,23.0,15.7,54.0,NE,13.9,10.9,59.0,WSW,31.7,15.5,39.0
2020-02-13,141,SE,29.9,16.6,57.0,NW,11.9,5.5,26.0,N,34.4,11.8,41.0
2020-02-14,253,SW,29.5,17.5,56.0,NNW,11.6,7.2,30.0,NE,34.1,18.5,59.0
2020-02-15,151,S,18.9,15.8,41.0,NW,9.7,5.7,15.0,WSW,22.4,18.5,50.0
2020-02-16,116,SE,22.2,12.2,50.0,NW,12.1,6.9,19.0,SSE,23.2,13.6,28.0
2020-02-17,115,SE,28.0,12.6,44.0,N,12.8,6.4,20.0,N,26.9,15.2,48.0
2020-02-18,149,W,22.3,15.8,70.0,NNE,7.3,7.0,39.0,WNW,23.4,13.2,33.0
2020-02-19,125,S,18.0,11.0,56.0,NNW,6.5,3.1,13.0,W,30.5,12.5,43.0
2020-02-20,111,S,18.1,9.7,41.0,WSW,6.0,3.4,19.0,SSW,32.8,14.1,28.0
2020-02-21,132,S,18.0,9.4,48.0,SSW,8.1,3.8,20.0,WNW,31.7,18.0,35.0
2020-02-22,135,SE,22.4,9.3,46.0,S,7.5,4.6,13.0,SSW,33.2,16.9,41.0
2020-02-23,136,NW,31.6,7.7,52.0,ESE,8.1,3.7,20.0,WSW,28.8,14.8,50.0
2020-02-24,107,N,28.9,13.2,43.0,NW,12.4,2.2,13.0,SW,26.0,12.8,43.0
2020-02-25,112,NW,29.8,16.8,56.0,N,12.4,5.8,19.0,SSW,28.7,8.8,24.0
2020-02-26,105,SW,17.8,11.4,50.0,NE,13.4,7.2,19.0,NNE,32.8,11.2,30.0
2020-02-27,104,None,16.5,3.6,0.0,N,13.3,8.5,44.0,WSW,36.6,13.3,43.0
2020-02-28,105,WSW,17.6,8.7,43.0,NNE,14.9,9.7,44.0,WSW,38.1,14.3,39.0
2020-02-29,130,SSE,23.9,9.9,28.0,NNE,13.0,10.8,69.0,NNW,41.2,13.6,41.0
2020-03-01,85,WNW,31.3,9.8,61.0,N,9.1,4.3,44.0,N,36.6,13.9,30.0
2020-03-02,91,S,18.0,8.9,50.0,N,10.4,5.8,43.0,NNE,34.9,14.8,41.0
2020-03-03,96,SSE,19.1,9.0,52.0,E,9.4,5.7,22.0,WSW,36.8,17.0,28.0
2020-03-04,125,SE,21.7,10.7,46.0,E,13.0,4.5,30.0,WNW,36.8,18.9,35.0
2020-03-05,168,SSE,18.9,13.8,31.0,NNE,15.0,6.6,15.0,NW,37.8,15.2,35.0
2020-03-06,111,SSW,17.3,12.1,41.0,NE,14.5,9.3,28.0,NW,42.8,15.0,46.0
2020-03-07,130,S,18.8,9.3,52.0,NE,13.5,10.1,30.0,W,25.0,18.5,59.0
2020-03-08,120,SE,19.3,11.3,52.0,NW,11.5,7.7,19.0,ESE,30.9,10.6,37.0
2020-03-09,129,ESE,19.0,10.0,50.0,NNW,9.3,5.3,20.0,N,33.5,11.3,28.0
2020-03-10,136,SE,25.2,8.9,37.0,NNE,10.3,6.0,69.0,NW,34.2,17.7,43.0
2020-03-11,115,N,28.2,11.1,43.0,NW,8.7,2.4,39.0,WNW,30.1,14.1,46.0
2020-03-12,120,N,28.5,16.2,57.0,WNW,9.6,5.1,39.0,S,30.1,8.4,35.0
2020-03-13,120,S,28.0,17.2,61.0,W,5.0,2.8,41.0,WSW,35.9,12.0,39.0
2020-03-14,123,SSE,16.3,6.7,63.0,WNW,7.1,2.5,37.0,N,38.9,13.5,30.0
2020-03-15,147,SSE,16.6,8.8,43.0,W,8.9,3.7,41.0,NNE,41.2,19.7,30.0
2020-03-16,138,ESE,24.2,9.3,46.0,W,8.4,6.2,28.0,N,40.4,18.9,33.0
2020-03-17,135,NNE,27.2,8.3,48.0,NW,7.4,5.3,28.0,WSW,43.6,19.1,56.0
2020-03-18,103,N,29.2,15.9,52.0,NW,9.5,4.8,33.0,S,44.2,17.3,44.0
2020-03-19,132,NNW,30.9,17.4,63.0,WNW,10.8,5.7,28.0,S,39.5,24.2,44.0
2020-03-20,126,W,20.2,8.6,54.0,NNE,11.6,5.7,56.0,SW,38.2,23.0,59.0
2020-03-21,132,S,19.9,7.6,31.0,N,10.9,8.8,63.0,WSW,35.3,16.5,33.0
2020-03-22,117,S,18.0,7.1,44.0,NNE,11.1,5.4,52.0,NNW,36.8,13.8,26.0
2020-03-23,131,S,17.0,5.8,46.0,N,9.7,6.5,48.0,NNE,39.0,17.2,33.0
2020-03-24,98,SE,17.9,8.6,39.0,NNW,8.6,2.1,24.0,WNW,42.1,17.5,44.0
2020-03-25,114,S,16.9,6.1,50.0,NNW,9.5,4.7,30.0,SSW,41.8,19.9,44.0
2020-03-26,131,SE,19.2,9.2,54.0,N,10.0,7.3,26.0,NNE,40.6,18.7,28.0
2020-03-27,160,NNE,25.5,7.1,39.0,NW,10.1,6.8,24.0,N,45.4,22.8,46.0
2020-03-28,191,N,26.3,12.6,56.0,NW,10.3,4.3,19.0,WSW,38.7,25.1,35.0
2020-03-29,141,N,22.8,16.5,57.0,S,10.1,5.3,19.0,W,25.1,19.0,44.0
2020-03-30,129,W,20.2,9.5,39.0,SE,7.8,4.0,19.0,NNE,30.5,15.6,28.0
2020-03-31,116,WSW,21.3,6.2,26.0,ENE,9.4,2.4,17.0,N,33.7,16.8,26.0
2020-04-01,135,NNE,22.4,6.6,33.0,W,14.9,9.1,30.0,NE,28.0,6.9,35.0
2020-04-02,105,E,14.6,12.4,48.0,E,15.8,8.7,28.0,NW,26.4,9.7,76.0
2020-04-03,122,NNE,20.8,10.5,63.0,NE,19.8,9.6,17.0,SW,15.9,8.7,61.0
2020-04-04,112,W,12.6,9.2,65.0,NE,16.8,14.4,33.0,WSW,17.5,8.6,39.0
2020-04-05,115,None,14.4,4.7,0.0,WSW,15.6,10.7,26.0,SE,31.9,10.1,24.0
2020-04-06,101,S,12.5,6.9,26.0,E,17.5,9.6,30.0,N,36.1,15.6,56.0
2020-04-07,92,S,12.7,6.3,30.0,E,18.0,10.3,39.0,WNW,38.2,23.3,70.0
2020-04-08,83,SE,16.3,8.6,48.0,ESE,17.6,8.7,37.0,W,37.2,20.7,50.0
2020-04-09,134,SE,21.6,8.2,41.0,WSW,22.1,8.4,15.0,NNE,28.3,19.9,31.0
2020-04-10,112,NNW,19.4,8.9,46.0,NNE,25.2,12.9,19.0,WSW,35.0,16.4,63.0
2020-04-11,91,W,12.3,8.8,69.0,NNE,24.5,18.5,39.0,NNW,32.2,20.5,44.0
2020-04-12,119,SW,11.5,7.6,33.0,NNE,22.4,18.6,44.0,NNW,28.4,19.7,52.0
2020-04-13,101,WNW,18.0,8.3,24.0,E,13.4,7.4,37.0,WNW,22.2,14.2,69.0
2020-04-14,93,N,20.4,9.0,41.0,ESE,15.4,7.4,33.0,WNW,26.1,8.7,28.0
2020-04-15,107,N,21.9,11.1,50.0,E,21.1,7.3,31.0,NW,30.9,10.0,41.0
2020-04-16,88,WSW,17.7,9.5,50.0,ENE,23.4,11.3,26.0,W,27.9,15.8,67.0
2020-04-17,97,WSW,15.8,4.9,46.0,N,24.5,16.5,31.0,SSW,22.4,5.0,43.0
2020-04-18,120,W,12.9,9.2,30.0,NNE,27.6,18.6,39.0,WSW,27.0,5.0,28.0
2020-04-19,113,N,16.0,5.9,59.0,SW,18.5,10.8,35.0,N,32.5,9.8,30.0
2020-04-20,85,N,17.6,9.7,67.0,W,15.3,8.6,19.0,N,33.8,13.1,31.0
2020-04-21,90,NW,16.6,2.6,43.0,W,14.4,8.9,26.0,W,36.0,12.8,52.0
2020-04-22,84,W,15.7,5.1,31.0,E,14.1,7.3,24.0,SW,33.7,18.3,35.0
2020-04-23,108,N,16.1,4.1,50.0,ESE,15.1,7.0,22.0,WSW,27.5,13.4,48.0
2020-04-24,127,WNW,19.3,9.1,33.0,S,13.5,8.7,20.0,SW,29.8,10.1,41.0
2020-04-25,129,N,18.9,6.2,50.0,ESE,18.1,8.8,30.0,W,31.7,10.5,54.0
2020-04-26,66,WNW,15.2,11.9,57.0,NE,22.7,9.8,17.0,SW,32.9,11.5,35.0
2020-04-27,98,WNW,14.4,0.7,24.0,N,22.8,15.9,35.0,ESE,33.5,11.8,35.0
2020-04-28,96,N,13.5,3.3,54.0,NNE,22.9,16.7,43.0,NE,31.2,10.4,22.0
2020-04-29,97,W,13.7,9.3,65.0,SW,17.7,12.4,20.0,N,31.9,9.7,24.0
2020-04-30,102,WNW,11.0,1.6,69.0,N,18.1,9.6,15.0,SW,35.5,13.2,28.0
2020-05-01,91,W,8.1,4.8,69.0,E,20.2,11.6,17.0,SW,17.1,2.8,37.0
2020-05-02,84,WSW,10.2,5.1,57.0,ESE,17.4,12.4,28.0,W,19.3,1.7,35.0
2020-05-03,89,SSW,10.6,5.4,33.0,NNE,19.3,11.3,41.0,NNE,20.0,1.8,17.0
2020-05-04,74,SSE,11.5,6.7,31.0,WSW,11.3,8.9,30.0,NE,23.8,1.9,41.0
2020-05-05,99,N,15.4,1.4,43.0,NW,10.9,3.6,44.0,NE,36.6,14.7,26.0
2020-05-06,80,NNE,15.8,8.7,57.0,SSW,11.2,6.8,15.0,N,34.4,14.5,33.0
2020-05-07,82,NNE,17.5,10.5,65.0,E,13.0,7.2,13.0,N,36.3,13.7,39.0
2020-05-08,89,NNW,15.9,7.2,48.0,E,15.8,8.2,41.0,N,39.4,18.2,56.0
2020-05-09,80,W,10.9,7.3,61.0,E,19.4,8.9,19.0,NNW,33.6,20.4,59.0
2020-05-10,76,W,11.6,1.8,37.0,NW,17.4,12.5,31.0,WSW,21.6,15.9,54.0
2020-05-11,93,N,14.4,2.1,30.0,WSW,11.6,8.4,44.0,N,24.7,5.8,26.0
2020-05-12,93,N,13.4,6.3,46.0,SW,10.1,7.2,24.0,NNE,29.4,7.1,35.0
2020-05-13,91,S,11.8,6.1,35.0,NW,15.6,7.9,15.0,NE,32.0,12.4,31.0
2020-05-14,97,SSE,11.6,-1.2,31.0,N,18.2,8.8,22.0,WSW,30.9,11.5,63.0
2020-05-15,116,SE,13.9,-0.8,22.0,NNE,19.3,11.9,46.0,WSW,28.4,11.6,31.0
2020-05-16,120,N,13.8,0.4,35.0,SW,17.6,13.1,33.0,W,24.8,13.4,48.0
2020-05-17,110,ESE,16.0,-0.3,15.0,NW,13.7,5.7,22.0,SSW,22.9,7.4,24.0
2020-05-18,110,N,15.2,-0.2,43.0,NW,11.5,8.0,19.0,WNW,27.4,8.0,30.0
2020-05-19,102,N,15.4,5.4,56.0,NNE,14.3,7.8,37.0,SSW,30.3,10.1,24.0
2020-05-20,126,NNW,11.9,6.0,98.0,NE,16.2,8.3,56.0,E,31.0,9.9,24.0
2020-05-21,86,SSW,10.4,5.5,43.0,NNW,15.0,7.4,28.0,W,31.6,12.9,39.0
2020-05-22,98,SSE,10.6,5.6,24.0,NW,14.7,9.9,20.0,SSE,30.4,11.8,37.0
2020-05-23,96,S,11.8,5.5,39.0,N,15.3,8.1,31.0,W,32.3,12.6,30.0
2020-05-24,88,SSE,10.7,6.8,46.0,NW,18.5,11.3,26.0,SW,32.5,14.5,24.0
2020-05-25,101,ESE,12.8,4.4,50.0,NW,16.7,10.5,31.0,NNE,33.6,14.4,24.0
2020-05-26,101,NNE,14.1,-0.5,43.0,WSW,12.4,12.2,28.0,NE,29.2,19.1,43.0
2020-05-27,99,NNE,13.8,8.0,43.0,NW,13.9,5.2,15.0,N,27.1,15.0,35.0
2020-05-28,93,N,13.0,4.0,31.0,NW,15.6,7.7,39.0,NNW,27.5,17.5,46.0
2020-05-29,125,N,13.5,3.7,44.0,N,14.9,11.6,37.0,W,21.2,17.1,57.0
2020-05-30,118,N,13.4,6.1,74.0,NNW,9.7,5.5,35.0,WSW,21.4,8.1,44.0
2020-05-31,103,N,13.1,5.9,57.0,NW,26.8,11.9,30.0,NE,24.9,3.6,20.0
2020-06-01,70,N,7.3,4.4,54.0,WSW,8.6,3.9,37.0,NW,11.3,4.3,52.0
2020-06-02,103,W,10.9,4.2,41.0,SW,10.4,5.8,30.0,WNW,10.9,6.9,56.0
2020-06-03,102,SSE,10.7,6.8,46.0,W,12.8,7.1,15.0,SW,11.7,1.1,30.0
2020-06-04,104,SE,13.0,1.0,30.0,NNE,15.6,6.6,30.0,W,14.5,5.0,26.0
2020-06-05,133,NW,11.7,0.4,20.0,N,15.2,10.9,46.0,NNW,22.0,5.3,20.0
2020-06-06,94,SSE,10.9,-1.3,31.0,NNE,17.6,11.9,56.0,NNW,26.2,5.3,28.0
2020-06-07,91,SE,8.7,4.5,33.0,N,14.6,9.3,37.0,N,26.6,8.3,24.0
2020-06-08,110,S,9.8,1.2,26.0,NNE,10.0,10.0,33.0,ESE,20.5,13.9,30.0
2020-06-09,98,N,10.0,-3.5,35.0,NW,9.5,2.2,19.0,NNE,28.0,9.9,39.0
2020-06-10,105,N,12.5,1.1,33.0,WNW,11.7,5.5,20.0,W,28.0,14.0,31.0
2020-06-11,87,NW,13.7,-2.4,17.0,N,11.0,7.5,35.0,N,26.1,6.0,31.0
2020-06-12,114,NNE,11.0,-0.3,52.0,N,9.8,6.9,22.0,WNW,23.3,4.9,33.0
2020-06-13,106,NNE,13.3,4.9,59.0,E,10.9,4.7,17.0,None,18.7,12.1,0.0
2020-06-14,84,NNW,11.5,3.8,48.0,E,12.8,5.3,15.0,SW,19.6,2.7,24.0
2020-06-15,97,NNW,13.5,6.6,46.0,NNW,14.6,6.0,22.0,N,22.7,1.0,20.0
2020-06-16,78,WNW,13.6,9.1,48.0,NW,14.5,6.3,11.0,NE,24.8,2.2,30.0
2020-06-17,85,SSE,9.9,4.5,17.0,NNE,15.2,7.9,33.0,S,23.9,3.1,20.0
2020-06-18,93,N,12.5,0.2,54.0,N,13.7,10.8,44.0,ESE,26.3,4.1,28.0
2020-06-19,97,N,13.1,3.7,65.0,WSW,11.2,7.1,46.0,N,28.2,9.7,39.0
2020-06-20,91,N,9.6,7.8,46.0,NNW,8.8,6.0,22.0,N,27.7,12.5,30.0
2020-06-21,102,NNW,8.6,5.0,26.0,ESE,9.2,5.6,15.0,NNE,28.3,12.3,35.0
2020-06-22,79,WNW,10.1,3.4,37.0,SSW,9.1,5.1,28.0,NNW,26.8,13.7,30.0
2020-06-23,97,S,13.3,5.6,33.0,SSW,9.4,6.4,26.0,None,27.0,5.1,0.0
2020-06-24,104,SSE,13.0,6.1,22.0,ESE,11.1,5.9,35.0,N,29.1,7.1,22.0
2020-06-25,96,N,11.8,4.3,35.0,NE,14.7,5.8,20.0,WSW,28.2,9.2,48.0
2020-06-26,99,WNW,9.9,-0.3,20.0,NNE,13.7,9.4,35.0,WSW,22.0,14.6,24.0
2020-06-27,101,WSW,11.2,1.7,17.0,NW,12.5,9.1,20.0,N,26.0,13.7,19.0
2020-06-28,110,SSE,11.5,-2.2,22.0,NNW,13.2,7.0,31.0,N,25.4,15.1,26.0
2020-06-29,103,NNE,11.2,-2.1,44.0,N,12.6,9.3,69.0,WNW,23.9,12.3,30.0
2020-06-30,106,N,9.5,2.7,61.0,NNW,12.3,9.3,41.0,WSW,18.8,11.0,54.0
2020-07-01,77,NNW,12.9,4.5,57.0,WSW,7.6,5.6,54.0,NNE,16.5,-0.9,22.0
2020-07-02,64,WNW,10.9,5.1,43.0,W,9.1,4.8,37.0,None,17.9,-0.1,0.0
2020-07-03,66,WNW,7.0,2.5,52.0,WSW,9.4,5.6,31.0,WNW,16.4,5.0,69.0
2020-07-04,62,SW,10.5,1.7,37.0,ESE,10.4,5.5,13.0,WNW,12.0,6.7,31.0
2020-07-05,56,SSW,10.5,6.2,31.0,NW,11.2,4.7,19.0,N,20.8,10.0,46.0
2020-07-06,68,SW,10.5,4.0,28.0,SE,9.7,5.1,19.0,NNE,22.2,15.6,39.0
2020-07-07,72,ESE,10.7,5.9,28.0,E,7.7,4.0,20.0,E,18.4,12.4,17.0
2020-07-08,72,N,11.3,-0.4,28.0,E,9.8,3.5,15.0,SW,17.1,8.4,43.0
2020-07-09,79,N,10.9,1.2,44.0,NW,10.8,3.7,17.0,SSE,20.0,6.9,28.0
2020-07-10,69,N,11.8,2.7,28.0,NNE,12.4,7.2,22.0,SW,18.6,3.7,20.0
2020-07-11,65,N,10.2,4.5,24.0,NW,12.5,4.4,13.0,NNE,17.2,2.3,30.0
2020-07-12,60,SE,11.1,6.7,46.0,N,11.8,5.7,31.0,NW,15.5,6.1,39.0
2020-07-13,57,SE,12.9,7.0,54.0,N,12.2,8.2,52.0,N,16.4,4.3,33.0
2020-07-14,57,SE,10.5,7.2,57.0,NW,10.5,6.5,39.0,SW,14.1,9.6,35.0
2020-07-15,57,ESE,11.7,6.1,48.0,NNW,11.9,6.3,35.0,SW,15.5,7.8,48.0
2020-07-16,68,SE,11.3,-0.9,33.0,NW,12.9,9.7,43.0,W,15.9,10.5,22.0
2020-07-17,86,NNE,11.1,-2.7,33.0,E,10.4,5.5,13.0,ENE,15.7,2.6,13.0
2020-07-18,64,N,7.7,0.1,57.0,N,13.2,5.0,33.0,WSW,17.7,2.1,20.0
2020-07-19,64,WNW,10.2,4.3,63.0,NNE,14.5,9.3,46.0,W,18.4,1.9,24.0
2020-07-20,55,WSW,9.7,3.6,39.0,NNE,13.1,9.7,44.0,NNE,17.5,1.6,17.0
2020-07-21,61,SSW,9.3,5.1,28.0,NE,8.6,6.3,15.0,SE,20.2,0.7,11.0
2020-07-22,67,SSW,9.4,5.8,26.0,NW,7.7,5.5,22.0,SSE,20.8,2.6,17.0
2020-07-23,60,S,7.1,5.1,24.0,NW,9.9,5.5,20.0,SSW,17.1,5.0,11.0
2020-07-24,81,NNE,9.3,-0.5,41.0,ESE,12.2,7.6,22.0,W,14.9,5.5,17.0
2020-07-25,74,ESE,13.3,1.7,35.0,NW,9.5,7.4,22.0,SSW,18.1,5.1,15.0
2020-07-26,72,ESE,13.4,4.0,35.0,SSW,9.8,3.8,17.0,W,19.8,2.3,19.0
2020-07-27,60,S,10.7,3.3,56.0,E,9.6,3.8,13.0,NE,20.2,1.1,15.0
2020-07-28,56,SE,11.5,6.7,44.0,E,10.2,2.5,7.0,SW,18.2,4.4,37.0
2020-07-29,62,WSW,13.4,4.8,26.0,NE,11.4,4.2,19.0,W,17.3,10.0,35.0
2020-07-30,68,S,11.8,2.7,20.0,N,11.4,6.3,44.0,WSW,14.0,8.3,33.0
2020-07-31,64,N,12.6,-1.4,28.0,WNW,6.4,3.5,31.0,WNW,11.5,6.7,63.0
2020-08-01,65,NNE,13.1,3.9,43.0,WSW,12.4,6.7,30.0,S,13.9,5.4,37.0
2020-08-02,92,N,13.5,4.5,37.0,WSW,12.9,7.8,26.0,SW,13.7,-1.9,28.0
2020-08-03,72,WSW,11.1,1.4,35.0,WSW,9.6,8.4,26.0,WSW,15.3,0.6,33.0
2020-08-04,57,SSW,7.3,0.0,61.0,WSW,9.6,6.4,37.0,SSE,16.0,-1.1,13.0
2020-08-05,56,SW,8.4,-0.3,37.0,WSW,10.7,6.4,41.0,E,14.3,0.7,13.0
2020-08-06,62,SE,10.2,0.8,54.0,WSW,8.6,5.9,37.0,NNE,16.2,1.3,22.0
2020-08-07,48,SE,7.7,3.2,50.0,WSW,10.4,4.7,39.0,NW,17.0,6.6,35.0
2020-08-08,54,ESE,11.8,4.1,48.0,WSW,9.3,4.0,22.0,NE,16.0,1.1,17.0
2020-08-09,53,SE,11.5,6.9,57.0,WSW,10.7,3.6,22.0,N,13.6,4.8,35.0
2020-08-10,51,SE,14.8,5.3,50.0,N,9.1,5.2,50.0,WNW,15.1,9.7,31.0
2020-08-11,51,NNE,9.3,1.6,52.0,N,10.9,6.4,39.0,SW,14.1,7.5,30.0
2020-08-12,56,NNE,11.5,6.4,50.0,WSW,8.0,4.1,20.0,WNW,13.7,6.0,15.0
2020-08-13,56,N,14.0,7.9,39.0,WSW,7.7,5.6,13.0,WSW,14.8,4.7,17.0
2020-08-14,80,N,13.6,6.3,41.0,WSW,8.0,5.3,15.0,SW,14.7,0.5,11.0
2020-08-15,70,SSW,13.1,4.6,24.0,WSW,6.9,4.6,15.0,SW,11.2,1.5,46.0
2020-08-16,42,SW,12.5,7.4,39.0,N,10.6,2.8,22.0,WSW,11.6,-1.5,26.0
2020-08-17,64,NNW,12.4,5.1,43.0,ENE,12.0,4.6,11.0,N,9.8,-2.2,15.0
2020-08-18,54,N,13.2,5.7,61.0,E,10.4,4.1,19.0,SW,12.4,-1.9,28.0
2020-08-19,40,NW,9.2,5.8,57.0,SE,8.8,6.6,39.0,SSE,12.5,-3.4,13.0
2020-08-20,61,NW,11.6,5.7,50.0,ESE,10.0,6.5,39.0,SSW,12.9,-3.3,13.0
2020-08-21,49,WSW,8.5,2.4,57.0,E,12.1,4.9,24.0,S,13.1,-3.6,15.0
2020-08-22,64,WSW,6.9,2.0,65.0,W,11.0,5.8,15.0,WSW,15.2,-2.6,11.0
2020-08-23,47,None,9.9,2.9,0.0,N,12.0,4.3,22.0,SW,16.5,-2.2,11.0
2020-09-01,58,NNE,11.3,-1.2,57.0,NE,14.0,7.5,30.0,NNW,17.6,1.9,17.0
2020-09-02,60,N,15.9,6.1,74.0,NW,11.6,5.7,28.0,SW,17.4,1.2,15.0
2020-09-03,72,NW,14.5,6.1,70.0,W,4.5,0.7,33.0,NNE,14.9,5.0,24.0
2020-09-04,58,NNW,13.1,1.8,43.0,SW,7.3,0.1,35.0,E,15.0,7.9,37.0
2020-09-05,75,NNW,14.0,5.1,30.0,E,8.6,2.6,33.0,WNW,12.5,5.7,24.0
2020-09-06,72,N,16.0,2.2,50.0,E,7.9,2.9,48.0,N,13.2,4.9,50.0
2020-09-07,71,NNE,18.9,6.1,78.0,ESE,10.2,5.0,43.0,NW,11.7,6.2,67.0
2020-09-08,65,NNE,13.9,10.4,69.0,E,10.5,5.8,44.0,WNW,13.6,7.9,54.0
2020-09-09,58,SE,13.5,4.6,52.0,E,13.0,5.0,30.0,WNW,10.1,4.6,57.0
2020-09-10,76,SE,17.5,4.1,56.0,NNE,11.8,6.3,43.0,W,10.8,3.8,67.0
2020-09-11,64,N,15.3,6.6,65.0,NNE,12.2,7.3,41.0,W,13.2,5.2,56.0
2020-09-12,72,NNE,11.3,9.3,46.0,NNE,14.0,7.8,26.0,W,13.9,6.0,35.0
2020-09-13,40,W,13.5,7.4,33.0,NE,15.2,8.9,24.0,W,11.1,4.2,33.0
2020-09-14,59,WSW,13.9,6.2,35.0,SSW,12.8,6.9,19.0,W,11.9,4.9,31.0
2020-09-15,63,W,15.8,4.5,20.0,WSW,8.9,7.6,35.0,NNE,11.4,4.7,15.0
2020-09-16,68,N,18.5,5.0,41.0,N,11.8,6.4,26.0,NNE,14.9,3.0,35.0
2020-09-17,66,SSE,12.6,9.0,46.0,NNW,12.5,6.6,31.0,N,13.1,2.0,28.0
2020-09-18,64,SE,19.4,7.9,41.0,N,7.0,5.9,30.0,NNE,14.0,-1.0,19.0
2020-09-19,102,NNE,21.7,10.7,56.0,WNW,10.2,5.0,31.0,WNW,14.6,0.5,48.0
2020-09-20,61,NNE,15.9,11.9,63.0,W,8.3,3.1,41.0,WNW,12.0,1.2,41.0
2020-09-21,61,NNW,16.6,9.9,61.0,WSW,5.3,0.6,31.0,NE,11.9,6.6,15.0
2020-09-22,70,WNW,13.9,7.6,70.0,None,6.933333333333333,2.0,0.0,None,11.5,6.1,0.0
2020-09-23,61,W,11.9,3.1,44.0,NNE,8.566666666666666,8.8,59.0,SE,14.7,6.8,13.0
2020-09-24,54,NW,10.6,3.3,54.0,N,10.2,5.8,46.0,N,14.7,4.2,15.0
2020-09-25,69,W,7.0,3.6,44.0,WSW,6.5,4.0,30.0,N,12.0,6.8,13.0
2020-09-26,41,SW,10.5,0.1,56.0,WSW,8.4,2.5,30.0,SE,13.4,-0.4,13.0
2020-09-27,66,S,11.6,3.6,33.0,WSW,7.9,4.0,26.0,WSW,14.7,-0.5,17.0
2020-09-28,69,ESE,15.3,-0.8,30.0,WSW,8.3,6.0,22.0,S,16.3,2.9,11.0
2020-09-29,69,N,16.0,1.4,56.0,WSW,8.3,6.5,15.0,W,14.9,0.8,39.0
2020-09-30,41,N,14.3,9.1,54.0,WSW,11.7,3.9,20.0,SW,12.9,5.1,35.0
2020-10-01,75,N,15.2,2.8,39.0,NNE,12.1,2.7,43.0,NE,26.4,9.1,33.0
2020-10-02,91,N,24.9,8.5,54.0,N,17.4,6.4,59.0,NNE,26.4,8.4,43.0
2020-10-03,107,N,25.1,12.1,57.0,NW,15.2,9.2,48.0,WNW,26.7,12.4,33.0
2020-10-04,80,NNE,22.5,13.8,59.0,N,12.7,4.8,31.0,NNW,24.4,5.9,28.0
2020-10-05,60,SE,11.4,5.2,50.0,NNW,12.7,6.2,26.0,WNW,13.0,-0.9,22.0
2020-10-06,73,SSE,10.6,4.0,48.0,NE,15.2,6.4,33.0,WNW,13.2,-1.0,19.0
2020-10-07,64,NE,15.6,5.9,39.0,N,18.8,9.8,59.0,W,12.2,-0.7,26.0
2020-10-08,56,NNE,10.8,8.6,65.0,NNE,18.4,13.1,61.0,W,11.5,1.0,20.0
2020-10-09,64,W,13.0,7.1,54.0,E,13.4,6.1,31.0,W,12.2,4.7,15.0
2020-10-10,77,WNW,18.0,2.1,33.0,E,17.5,3.5,28.0,NNE,12.3,-2.0,22.0
2020-10-11,72,S,14.7,5.6,31.0,N,16.0,9.2,46.0,SSW,10.2,2.7,19.0
2020-10-12,85,NNW,21.1,1.9,44.0,N,13.3,9.8,43.0,NNW,11.5,6.2,57.0
2020-10-13,62,SSE,15.9,10.7,43.0,WSW,13.5,8.9,22.0,NW,10.2,7.0,76.0
2020-10-14,82,SE,21.9,7.8,43.0,WSW,13.8,6.6,20.0,W,10.1,2.7,43.0
2020-10-15,73,NW,19.9,10.8,56.0,NW,15.0,5.7,15.0,WNW,11.3,3.9,46.0
2020-10-16,73,ESE,14.6,5.6,56.0,NNW,18.4,7.5,35.0,SW,13.8,-0.6,33.0
2020-10-17,77,SW,14.4,8.6,41.0,E,12.4,8.6,30.0,ESE,12.6,-1.3,15.0
2020-10-18,71,SSW,12.1,6.9,46.0,E,17.9,6.3,26.0,N,12.1,3.0,24.0
2020-10-19,80,WSW,13.3,4.0,28.0,NE,21.9,12.2,35.0,NNE,14.9,-0.7,20.0
2020-10-20,77,SE,16.5,4.6,28.0,NNE,18.3,12.9,50.0,NW,14.1,1.6,31.0
2020-10-21,63,SE,18.8,5.7,35.0,NNE,14.8,12.7,46.0,SW,16.0,-0.3,22.0
2020-10-22,79,SE,21.1,7.2,39.0,NW,13.7,8.3,54.0,W,18.0,0.9,61.0
2020-10-23,82,N,23.1,11.2,33.0,WNW,11.3,6.3,26.0,WNW,11.3,4.0,41.0
2020-10-24,65,SSW,12.7,8.5,50.0,N,9.9,3.8,46.0,WNW,11.5,4.8,43.0
2020-10-25,70,S,11.0,3.4,65.0,NNE,7.1,3.3,33.0,W,16.8,6.6,54.0
2020-10-26,79,SE,14.2,4.6,74.0,SW,9.2,1.4,39.0,SW,13.8,10.1,57.0
2020-10-27,82,ESE,16.5,7.6,48.0,S,10.0,3.5,20.0,None,12.6,-2.3,0.0
2020-10-28,77,SE,20.7,8.5,43.0,E,12.2,3.0,15.0,NNE,11.5,4.3,22.0
2020-10-29,78,W,19.0,6.4,37.0,NE,16.3,3.8,37.0,SSW,11.7,-0.3,20.0
2020-10-30,87,SSE,19.3,9.6,50.0,NNE,13.8,9.0,43.0,ENE,14.6,1.9,15.0
2020-10-31,86,SSE,16.8,9.6,54.0,N,12.4,6.6,28.0,SE,17.2,0.3,15.0
2020-11-01,88,SSE,19.2,7.6,41.0,NNE,21.4,8.2,48.0,NNE,21.5,1.0,30.0
2020-11-02,93,N,26.2,4.5,30.0,NNE,24.1,14.3,54.0,N,19.3,8.2,65.0
2020-11-03,98,N,28.9,13.1,56.0,NNE,25.0,18.6,46.0,WSW,14.1,8.0,61.0
2020-11-04,72,SSW,16.8,15.5,43.0,SSE,8.6,5.9,33.0,NW,32.7,9.0,39.0
2020-11-05,67,S,13.8,5.3,52.0,ESE,9.2,4.9,39.0,SW,27.4,16.2,43.0
2020-11-06,77,WSW,13.6,4.3,33.0,NE,15.0,4.9,31.0,NNW,28.0,9.0,26.0
2020-11-07,87,SSE,15.0,5.8,44.0,N,12.7,9.1,44.0,NNE,20.2,16.0,28.0
2020-11-08,107,SE,22.2,6.4,56.0,WSW,11.1,6.8,35.0,NE,21.5,16.8,41.0
2020-11-09,93,NNE,25.5,8.6,39.0,NNW,17.2,6.9,24.0,WSW,26.0,16.5,44.0
2020-11-10,118,N,29.0,16.6,54.0,WSW,13.7,6.8,15.0,SW,27.1,13.2,24.0
2020-11-11,130,NNE,19.9,16.5,67.0,NW,20.1,5.4,28.0,S,25.6,14.0,31.0
2020-11-12,80,NW,18.7,10.9,48.0,E,13.3,9.8,24.0,SSE,26.5,11.3,19.0
2020-11-13,87,WNW,18.1,10.0,33.0,N,21.0,7.3,24.0,N,26.5,11.9,22.0
2020-11-14,112,NW,20.3,9.2,35.0,WSW,20.5,9.7,39.0,NNE,28.4,12.3,28.0
2020-11-15,137,N,27.7,9.7,69.0,E,16.6,4.5,28.0,NNE,27.7,11.5,41.0
2020-11-16,143,NNW,19.9,10.7,59.0,SW,14.0,7.9,28.0,N,29.1,11.3,39.0
2020-11-17,86,WSW,19.6,5.2,39.0,WSW,10.8,5.7,24.0,SSW,22.8,10.0,43.0
2020-11-18,124,NW,26.7,5.7,35.0,WSW,11.5,5.3,15.0,SSW,23.9,6.2,20.0
2020-11-19,134,N,31.3,13.3,48.0,E,13.9,5.3,15.0,E,26.1,7.4,24.0
2020-11-20,115,ESE,23.9,11.0,43.0,ESE,15.3,8.3,19.0,N,26.3,8.8,35.0
2020-11-21,131,SE,28.3,11.4,43.0,ESE,18.2,6.9,15.0,NNE,29.8,10.1,37.0
2020-11-22,157,SSW,26.2,16.0,61.0,N,20.5,10.7,19.0,NE,32.0,15.5,31.0
2020-11-23,95,SSW,17.5,14.4,41.0,WSW,10.7,9.2,31.0,NW,25.4,17.1,43.0
2020-11-24,80,S,18.3,9.1,30.0,E,10.7,3.3,65.0,SW,26.3,10.0,35.0
2020-11-25,119,S,27.5,8.2,43.0,E,12.6,5.3,63.0,WSW,23.5,10.5,52.0
2020-11-26,85,SSE,21.4,10.9,43.0,ESE,15.4,6.7,43.0,SW,23.1,7.5,24.0
2020-11-27,145,NNW,32.6,7.8,46.0,E,19.0,7.6,26.0,NNW,23.6,7.2,19.0
2020-11-28,136,SSE,23.6,14.9,48.0,NW,21.0,10.3,28.0,SW,25.3,9.5,39.0
2020-11-29,92,WNW,17.1,10.7,70.0,E,19.2,9.5,35.0,S,25.9,6.5,22.0
2020-11-30,121,SE,26.8,7.6,46.0,S,13.9,10.1,31.0,NNE,26.1,7.0,19.0
2020-12-01,89,W,21.0,14.2,65.0,ESE,17.6,7.5,24.0,NW,17.0,4.7,15.0
2020-12-02,103,W,17.2,3.8,33.0,WNW,25.1,8.9,19.0,SSE,14.1,1.5,9.0
2020-12-03,90,WNW,22.9,4.8,33.0,NE,25.8,16.7,48.0,N,16.5,-0.1,33.0
2020-12-04,122,WSW,21.7,6.0,31.0,NNE,20.0,19.0,43.0,NNW,15.5,4.1,30.0
2020-12-05,112,NNW,23.4,10.2,70.0,SSE,12.0,5.7,31.0,ENE,26.2,6.0,26.0
2020-12-06,82,WNW,17.3,7.4,61.0,WSW,12.5,5.8,20.0,N,22.1,11.2,46.0
2020-12-07,69,W,13.3,7.0,59.0,SW,12.3,6.0,28.0,NNE,20.9,14.4,28.0
2020-12-08,77,WSW,13.6,5.5,37.0,E,19.8,5.2,28.0,W,17.3,12.5,72.0
2020-12-09,105,WSW,23.5,8.3,35.0,NE,23.6,10.0,24.0,None,18.0,8.5,0.0
2020-12-10,101,SSE,16.5,9.0,59.0,NE,26.6,16.5,33.0,SSW,18.7,10.4,30.0
2020-12-11,111,SE,20.9,7.7,52.0,NE,23.8,20.1,59.0,SSE,18.6,4.5,17.0
2020-12-12,156,NNE,26.0,8.1,48.0,NNE,20.8,16.0,46.0,ESE,22.8,10.2,26.0
2020-12-13,149,NE,27.8,14.4,48.0,WSW,18.7,9.8,22.0,SE,23.6,8.1,22.0
2020-12-14,142,NNE,30.5,16.0,50.0,NW,18.9,9.4,19.0,WNW,21.8,13.8,28.0
2020-12-15,117,ESE,33.8,18.7,50.0,NNE,27.2,10.6,70.0,WSW,16.5,14.0,65.0
2020-12-16,107,SE,24.9,11.7,50.0,N,20.4,15.0,54.0,WSW,18.2,5.1,30.0
2020-12-17,103,WSW,27.1,12.1,44.0,SSW,18.1,7.4,20.0,N,18.9,6.2,22.0
2020-12-18,96,SW,16.6,8.5,43.0,NW,23.9,8.7,17.0,NE,21.6,5.4,17.0
2020-12-19,142,SE,18.5,4.3,37.0,NE,29.5,17.2,35.0,NNE,24.3,7.8,26.0
2020-12-20,82,SE,21.2,5.6,46.0,ESE,20.4,12.6,30.0,WSW,26.5,14.1,48.0
2020-12-21,88,ESE,22.4,9.8,39.0,ESE,26.3,9.1,24.0,WSW,18.4,6.6,39.0
2020-12-22,95,SW,12.3,10.0,57.0,NW,25.6,13.5,28.0,WSW,17.4,4.8,30.0
2020-12-23,94,SSW,16.7,6.2,33.0,SW,14.6,13.7,26.0,N,18.0,4.5,19.0
2020-12-24,87,S,18.1,10.0,39.0,SW,17.7,8.8,15.0,W,22.0,9.4,30.0
2020-12-25,87,SE,18.6,6.6,43.0,NW,25.8,10.3,30.0,NW,20.4,4.0,22.0
2020-12-26,94,WNW,27.2,6.9,44.0,ESE,20.9,12.8,22.0,SW,20.9,6.4,20.0
2020-12-27,123,NW,28.2,14.0,74.0,NNW,29.8,7.5,28.0,NNE,20.3,2.5,20.0
2020-12-28,108,S,16.5,5.6,46.0,SW,23.1,14.6,35.0,NW,21.8,8.8,19.0
2020-12-29,101,SSE,20.5,4.1,43.0,W,14.5,10.3,39.0,NNE,20.8,6.0,31.0
2020-12-30,101,SSE,22.1,11.6,46.0,E,24.9,8.4,30.0,NW,19.3,10.4,33.0
2020-12-31,114,SSE,21.8,11.5,52.0,NNW,14.5,5.1,30.0,WNW,17.8,2.5,15.0
2021-01-01,157,NNE,26.1,12.8,43.0,WSW,21.7,12.5,46.0,SSW,12.2,-0.7,13.0
2021-01-02,129,S,25.1,15.7,44.0,SW,16.3,6.5,26.0,SSW,13.0,-1.5,13.0
2021-01-03,93,S,23.9,14.7,50.0,None,21.6,6.1,0.0,SSE,15.0,-2.1,11.0
2021-01-04,69,S,17.6,11.6,52.0,WSW,19.7,7.3,24.0,N,14.7,0.1,31.0
2021-01-05,83,SSE,18.2,11.9,50.0,NW,22.5,10.8,50.0,W,10.7,7.1,50.0
2021-01-06,77,SSE,19.1,9.5,52.0,WNW,14.4,8.1,46.0,WNW,12.6,7.9,46.0
2021-01-07,85,SSE,22.5,10.7,46.0,WNW,13.4,6.7,37.0,WSW,15.8,7.7,33.0
2021-01-08,97,SE,26.3,11.1,44.0,W,13.2,6.1,22.0,SW,16.9,2.2,20.0
2021-01-09,108,SE,31.0,9.9,41.0,SSW,20.0,6.9,19.0,NW,17.9,2.2,13.0
2021-01-10,110,ESE,35.9,13.1,31.0,E,14.6,8.7,31.0,NNE,18.3,4.7,20.0
2021-01-11,109,N,33.6,19.1,69.0,E,18.8,6.7,33.0,N,21.2,7.4,39.0
2021-01-12,87,S,23.4,14.0,46.0,E,24.2,10.4,20.0,NNW,19.4,7.7,30.0
2021-01-13,96,WNW,30.4,4.6,59.0,NNE,25.7,15.9,28.0,WNW,14.9,6.1,57.0
2021-01-14,82,SSW,21.4,9.9,37.0,N,28.5,17.8,31.0,W,12.6,3.8,30.0
2021-01-15,92,W,16.3,4.9,65.0,N,31.0,20.6,30.0,WSW,15.0,1.6,17.0
2021-01-16,67,WSW,17.0,8.3,52.0,E,20.5,10.8,39.0,N,14.8,1.5,28.0
2021-01-17,90,SSW,20.3,5.7,39.0,E,25.4,11.8,31.0,SSW,14.9,3.2,15.0
2021-01-18,72,SW,21.0,9.8,46.0,SW,14.3,9.4,33.0,S,16.0,1.5,17.0
2021-01-19,81,SSE,18.8,8.9,52.0,SE,16.6,6.9,22.0,N,16.4,0.3,11.0
2021-01-20,94,SE,26.2,8.7,54.0,ESE,18.0,7.6,28.0,NNE,17.2,1.1,19.0
2021-01-21,113,SE,31.2,12.0,39.0,N,19.8,9.1,17.0,SW,18.9,1.2,13.0
2021-01-22,104,W,27.6,9.5,41.0,WSW,14.6,10.4,30.0,NNE,18.4,2.5,26.0
2021-01-23,105,W,32.2,11.1,35.0,SSW,15.8,9.2,26.0,NNE,18.9,2.1,31.0
2021-01-24,108,N,35.6,13.3,31.0,WSW,15.9,9.3,26.0,WNW,13.4,7.5,41.0
2021-01-25,137,NW,36.5,21.0,74.0,E,17.2,7.5,30.0,SW,11.8,3.1,31.0
2021-01-26,83,S,21.1,15.5,50.0,WNW,24.9,7.4,24.0,WSW,14.5,0.8,28.0
2021-01-27,115,SE,21.0,8.2,69.0,NE,26.2,13.0,48.0,SSW,15.8,1.4,30.0
2021-01-28,106,ESE,24.2,12.1,59.0,E,15.2,6.5,30.0,SW,16.4,0.8,28.0
2021-01-29,131,NE,19.6,14.8,54.0,E,18.2,7.0,26.0,SW,16.6,2.2,22.0
2021-01-30,83,SSW,21.4,12.6,35.0,SE,20.6,9.7,26.0,SSE,18.3,-0.3,13.0
2021-01-31,73,SE,22.1,10.5,46.0,E,19.6,11.8,41.0,NNE,15.3,4.1,19.0
2021-02-01,81,S,21.9,8.8,39.0,SSE,14.3,12.9,30.0,WSW,15.5,-0.2,24.0
2021-02-02,87,S,19.3,9.5,48.0,ESE,15.1,12.5,31.0,NNE,14.8,-1.9,17.0
2021-02-03,78,SSE,22.5,10.3,48.0,SSE,15.4,9.8,24.0,W,11.2,7.4,44.0
2021-02-04,90,N,25.7,10.1,48.0,E,20.7,10.1,39.0,W,11.5,4.5,35.0
2021-02-05,123,NNE,22.2,16.4,76.0,ESE,23.7,10.0,26.0,SSW,14.7,7.5,41.0
2021-02-06,94,WNW,22.1,11.4,46.0,N,27.3,12.4,19.0,SSE,12.8,-0.9,13.0
2021-02-07,74,SSE,17.8,11.5,43.0,E,29.8,13.8,19.0,SW,13.5,-2.5,11.0
2021-02-08,76,SSE,19.1,9.8,50.0,NE,31.0,20.7,33.0,ESE,10.9,-1.2,11.0
2021-02-09,94,SE,25.5,10.4,54.0,WSW,21.6,13.3,39.0,W,13.2,0.1,13.0
2021-02-10,72,N,30.5,11.1,35.0,W,30.0,9.6,28.0,SSW,14.2,-2.2,11.0
2021-02-11,97,NW,33.2,16.6,80.0,SW,19.4,11.5,20.0,S,15.0,-2.9,11.0
2021-02-12,82,WSW,21.9,12.8,39.0,SW,16.0,7.5,30.0,SSW,16.2,0.7,11.0
2021-02-13,94,SSE,19.8,10.0,41.0,WSW,15.3,6.6,30.0,WSW,15.6,2.5,19.0
2021-02-14,88,SSE,20.9,9.8,44.0,WSW,17.5,8.8,20.0,SSW,14.8,-1.3,13.0
2021-02-15,87,SE,27.7,11.6,52.0,WSW,19.9,9.5,33.0,NE,15.5,2.6,26.0
2021-02-16,79,N,28.2,12.6,46.0,SSW,15.2,8.4,28.0,WNW,13.8,7.1,48.0
2021-02-17,76,SE,30.5,13.7,41.0,E,23.1,7.7,24.0,N,12.5,8.4,30.0
2021-02-18,86,NNE,28.5,14.6,57.0,WNW,29.0,11.1,20.0,NW,16.1,8.9,37.0
2021-02-19,84,N,30.6,17.6,61.0,SSW,24.4,16.4,20.0,N,12.9,5.4,17.0
2021-02-20,99,N,32.1,19.6,48.0,SE,28.2,11.8,15.0,NE,16.3,1.1,17.0
2021-02-21,74,S,21.1,14.0,37.0,NE,32.5,16.0,20.0,NNE,14.8,1.9,22.0
2021-02-22,86,SSW,19.4,11.2,46.0,N,34.3,26.2,48.0,NE,13.3,7.0,31.0
2021-02-23,75,S,18.5,4.6,46.0,S,15.6,15.2,24.0,SSW,10.8,6.7,28.0
2021-02-24,84,SSE,19.5,5.4,35.0,ESE,20.5,8.1,43.0,W,12.0,4.5,24.0
2021-02-25,96,W,21.7,4.6,50.0,E,19.0,10.8,33.0,W,11.9,6.9,20.0
2021-02-26,103,SSE,19.1,8.6,41.0,NNE,18.0,14.7,33.0,SSE,8.6,2.9,15.0
2021-02-27,131,SSE,19.1,5.7,26.0,SW,19.2,13.2,22.0,WNW,12.2,6.2,19.0
2021-02-28,111,NNW,28.1,6.3,41.0,ESE,19.0,10.8,24.0,W,13.4,3.3,19.0
2021-03-01,88,SSW,20.8,11.5,52.0,SSE,20.3,10.5,24.0,WNW,11.5,4.1,57.0
2021-03-02,86,S,17.5,5.6,46.0,SSW,15.5,9.9,33.0,None,13.8,5.3,0.0
2021-03-03,106,S,17.9,8.1,43.0,E,21.1,8.9,30.0,NNE,16.0,3.8,39.0
2021-03-04,87,SSW,17.2,8.9,39.0,NE,26.3,12.2,30.0,N,12.4,8.0,43.0
2021-03-05,78,SSE,18.2,9.2,52.0,NE,24.3,17.8,46.0,WNW,9.5,4.3,48.0
2021-03-06,106,SSE,22.1,8.7,56.0,NW,19.6,14.0,30.0,WSW,10.5,1.3,33.0
2021-03-07,127,N,26.6,6.1,37.0,SW,15.5,11.5,26.0,WSW,13.6,5.3,31.0
2021-03-08,105,SSW,17.7,12.5,30.0,SE,15.4,9.4,20.0,SE,13.6,1.3,13.0
2021-03-09,91,S,19.8,9.8,33.0,E,23.0,9.7,33.0,NNE,6.2,2.5,13.0
2021-03-10,76,SSE,23.4,8.3,43.0,N,27.8,12.7,26.0,NNE,14.6,0.1,17.0
2021-03-11,110,S,26.5,9.4,33.0,NE,27.8,19.2,41.0,NNE,15.7,0.1,15.0
2021-03-12,104,N,28.5,12.4,41.0,SW,20.6,13.2,33.0,E,13.2,3.4,17.0
2021-03-13,106,WSW,22.6,15.4,50.0,SW,16.7,10.0,22.0,SE,11.2,6.6,20.0
2021-03-14,74,S,16.5,3.8,41.0,SSE,18.1,9.3,24.0,NNE,9.5,6.7,22.0
2021-03-15,88,SW,17.8,3.6,28.0,E,24.0,10.2,31.0,S,15.2,5.8,37.0
2021-03-16,83,SE,23.6,9.9,43.0,ESE,25.5,11.9,20.0,S,16.5,3.3,24.0
2021-03-17,89,N,25.6,9.9,37.0,E,28.1,15.9,28.0,SW,15.4,-0.7,19.0
2021-03-18,90,N,25.5,9.4,33.0,N,27.1,18.2,30.0,WSW,13.5,-1.3,17.0
2021-03-19,99,SE,26.9,10.7,46.0,NNE,27.9,17.9,39.0,NNW,14.4,-2.0,11.0
2021-03-20,99,SSE,25.1,12.6,48.0,N,28.6,20.7,24.0,NNE,12.7,-2.6,22.0
2021-03-21,95,NE,18.5,14.6,59.0,SSE,16.9,14.3,15.0,WNW,14.8,2.0,56.0
2021-03-22,88,NE,21.5,15.0,54.0,SW,19.1,11.7,30.0,WSW,12.7,3.1,33.0
2021-03-23,86,SE,20.7,15.3,33.0,E,15.6,7.8,22.0,SW,15.4,0.4,20.0
2021-03-24,87,W,19.3,13.9,35.0,SSW,18.4,7.8,24.0,W,13.7,-0.1,19.0
2021-03-25,69,W,17.7,11.3,50.0,W,20.6,7.6,24.0,NNW,11.2,-0.9,17.0
2021-03-26,78,N,18.7,5.2,39.0,SSE,16.3,8.8,24.0,ESE,13.5,1.6,15.0
2021-03-27,85,WSW,18.6,10.4,46.0,ESE,17.0,7.8,22.0,W,15.8,-0.8,20.0
2021-03-28,78,WSW,17.7,4.8,30.0,ESE,24.7,9.8,17.0,WSW,17.1,4.8,20.0
2021-03-29,83,S,18.4,7.7,31.0,E,25.0,12.3,26.0,SW,15.7,8.2,39.0
2021-03-30,85,SSE,21.2,5.4,39.0,E,24.7,16.2,30.0,SSW,18.5,10.1,39.0
2021-03-31,90,None,24.0,7.4,0.0,NW,23.0,14.6,24.0,W,15.8,0.5,24.0
2021-04-01,116,ESE,26.7,7.9,26.0,SE,14.6,6.9,24.0,W,18.4,2.9,63.0
2021-04-02,134,ESE,27.4,9.0,22.0,ESE,14.9,8.1,22.0,W,15.2,7.5,43.0
2021-04-03,163,N,28.2,11.5,43.0,WSW,15.4,8.3,24.0,WSW,13.0,6.9,31.0
2021-04-04,109,WNW,27.7,11.9,43.0,S,14.1,8.9,26.0,WSW,12.1,7.0,48.0
2021-04-05,113,SE,18.8,10.2,50.0,SE,19.4,8.8,22.0,WSW,14.5,2.0,48.0
2021-04-06,92,None,20.2,10.3,0.0,NW,25.5,9.9,22.0,SSW,15.6,5.6,33.0
2021-04-07,103,SE,25.5,11.7,43.0,W,19.5,13.1,20.0,NW,19.1,-1.0,17.0
2021-04-08,110,NNW,25.8,8.0,44.0,WSW,15.4,10.0,24.0,N,19.2,0.6,31.0
2021-04-09,92,SW,15.8,9.1,41.0,None,19.1,9.7,0.0,WNW,17.3,8.0,50.0
2021-04-10,100,WSW,14.8,8.1,61.0,NW,23.9,10.4,20.0,N,14.3,0.0,17.0
2021-04-11,90,SSW,11.2,3.9,61.0,NE,25.7,14.9,22.0,NE,15.8,-1.2,15.0
2021-04-12,93,S,15.0,6.5,31.0,N,23.8,18.9,43.0,N,15.3,-0.5,28.0
2021-04-13,91,N,16.1,4.0,67.0,WSW,13.7,6.7,19.0,WSW,9.9,5.1,44.0
2021-04-14,95,W,18.1,8.8,52.0,SW,17.5,6.3,15.0,W,12.3,2.0,37.0
2021-04-15,72,WNW,16.8,7.5,44.0,E,19.0,10.4,24.0,SSE,11.7,-3.6,17.0
2021-04-16,110,S,11.8,5.5,31.0,ESE,23.2,10.8,22.0,SE,9.7,-1.3,26.0
2021-04-17,106,SSW,14.7,7.8,33.0,E,22.0,13.7,20.0,SSE,14.0,4.6,19.0
2021-04-18,81,W,15.2,8.0,26.0,E,23.4,13.2,35.0,S,16.1,4.4,41.0
2021-04-19,100,NW,17.7,5.2,44.0,E,20.8,13.3,33.0,SE,17.3,-0.6,17.0
2021-04-20,99,SSW,13.5,7.4,46.0,E,18.7,14.6,33.0,N,14.0,-1.1,31.0
2021-04-21,63,WNW,12.0,-1.8,30.0,ENE,20.7,15.3,20.0,NNE,13.9,4.1,26.0
2021-04-22,71,W,14.4,4.7,50.0,E,20.0,14.5,24.0,NE,17.1,8.6,20.0
2021-04-23,85,W,13.0,6.0,35.0,WSW,15.9,13.9,31.0,ENE,14.8,5.6,26.0
2021-04-24,97,W,15.7,8.7,33.0,SW,15.7,12.4,31.0,WSW,17.5,6.1,35.0
2021-04-25,90,W,14.3,5.9,31.0,NW,16.8,8.6,20.0,WSW,14.0,8.3,37.0
2021-04-26,91,SSW,13.4,2.8,22.0,NNW,17.2,10.8,24.0,NW,14.9,3.4,35.0
2021-04-27,89,S,14.9,9.0,28.0,NW,16.9,8.3,20.0,N,16.2,7.3,31.0
2021-04-28,95,W,15.1,1.2,26.0,WSW,15.0,9.9,19.0,NW,11.3,7.1,43.0
2021-04-29,84,W,20.2,1.2,20.0,E,16.8,8.0,20.0,NW,12.8,6.6,41.0
2021-04-30,110,N,20.9,5.1,35.0,E,21.1,10.3,13.0,WNW,12.2,7.6,52.0
2021-05-01,144,N,20.4,7.7,41.0,WNW,25.6,12.2,22.0,SSE,25.8,6.4,19.0
2021-05-02,128,N,23.1,13.6,50.0,NE,27.0,16.7,11.0,NE,24.4,9.3,44.0
2021-05-03,89,WSW,14.9,6.1,59.0,NNE,26.9,18.5,31.0,SW,20.4,15.2,52.0
2021-05-04,83,S,9.5,5.7,61.0,NW,25.9,16.7,20.0,S,19.8,5.8,41.0
2021-05-05,71,SE,14.9,4.7,50.0,SE,15.7,10.7,28.0,SSE,20.2,10.0,30.0
2021-05-06,94,SE,20.7,7.2,50.0,ESE,14.8,9.5,33.0,E,21.4,10.1,24.0
2021-05-07,96,NNW,19.8,5.6,24.0,SE,21.3,10.1,13.0,S,23.9,11.1,30.0
2021-05-08,90,W,16.8,6.7,28.0,NW,24.8,13.3,33.0,NW,23.2,6.9,50.0
2021-05-09,67,WNW,17.1,3.4,37.0,W,14.0,9.0,33.0,SSW,25.2,10.1,35.0
2021-05-10,72,S,12.2,7.0,56.0,SW,12.8,7.4,39.0,S,24.1,11.7,44.0
2021-05-11,58,SE,11.2,6.4,50.0,W,8.6,1.7,48.0,NNE,14.8,-1.6,31.0
2021-05-12,78,ESE,16.7,6.5,54.0,SE,12.5,4.3,17.0,NNE,19.5,1.9,46.0
2021-05-13,72,SW,12.5,3.6,39.0,N,15.4,7.1,54.0,NNW,20.5,9.5,48.0
2021-05-14,61,W,10.4,2.7,41.0,N,16.1,10.2,39.0,SW,14.4,1.9,20.0
2021-05-15,77,WSW,10.4,3.8,59.0,WSW,14.5,7.3,31.0,W,16.3,1.7,31.0
2021-05-16,64,WNW,11.2,3.3,43.0,SW,11.4,7.0,19.0,NNE,17.6,0.0,28.0
2021-05-17,69,WSW,13.4,7.2,33.0,WSW,12.7,7.5,13.0,None,22.1,0.0,0.0
2021-05-18,62,N,12.7,5.1,30.0,WNW,13.9,8.6,11.0,N,24.4,6.6,35.0
2021-05-19,79,N,13.0,3.4,37.0,NW,14.8,9.1,31.0,SSE,21.4,9.3,26.0
2021-05-20,74,N,14.9,7.1,33.0,SW,13.0,10.4,31.0,NW,20.5,6.0,22.0
2021-05-21,84,NNW,16.5,-0.9,17.0,WNW,10.9,3.6,20.0,NNE,18.6,1.4,28.0
2021-05-22,102,N,14.8,-1.9,31.0,NW,11.9,6.2,20.0,NNE,20.0,6.1,26.0
2021-05-23,91,NNE,16.9,1.7,33.0,WNW,12.7,7.4,15.0,W,19.1,11.5,35.0
2021-05-24,67,NNE,17.1,5.2,56.0,NW,12.2,7.2,20.0,W,18.9,2.0,31.0
2021-05-25,76,N,14.6,10.6,80.0,NW,12.5,7.8,13.0,W,21.4,0.5,19.0
2021-05-26,59,NNW,11.3,7.2,50.0,SW,13.0,8.8,13.0,NNE,21.9,1.0,30.0
2021-05-27,71,WSW,12.2,3.2,43.0,SSW,13.8,8.9,11.0,SSW,20.1,6.9,19.0
2021-05-28,75,S,9.7,6.7,46.0,N,16.0,6.5,13.0,SE,20.4,11.1,20.0
2021-05-29,91,SSE,11.0,4.4,48.0,NW,17.9,7.7,15.0,NNE,24.9,11.7,35.0
2021-05-30,102,SE,13.0,2.1,37.0,N,20.0,11.9,20.0,NNE,21.1,14.7,48.0
2021-05-31,86,N,11.7,0.5,48.0,SW,17.7,11.9,31.0,N,19.9,9.5,30.0
2021-06-01,68,N,13.4,5.6,39.0,NNE,21.2,15.5,37.0,WSW,34.5,19.8,69.0
2021-06-02,67,NNE,15.9,5.3,33.0,SSE,14.0,10.4,24.0,SW,26.5,18.2,63.0
2021-06-03,78,SSW,15.1,6.5,24.0,ESE,11.7,8.0,31.0,WSW,26.6,10.2,35.0
2021-06-04,79,SW,10.1,6.3,39.0,E,13.8,6.5,39.0,NE,30.8,10.7,35.0
2021-06-05,93,N,9.2,-1.6,46.0,E,19.3,7.6,22.0,WSW,33.7,13.4,41.0
2021-06-06,74,NNW,13.4,2.7,43.0,NW,19.5,12.9,17.0,NNW,37.2,11.5,31.0
2021-06-07,70,NNE,14.4,7.3,67.0,W,15.5,10.7,13.0,NNW,37.8,17.0,39.0
2021-06-08,48,SW,9.1,6.4,46.0,N,15.6,9.1,33.0,W,24.6,20.3,67.0
2021-06-09,191,S,10.3,4.6,80.0,N,12.2,11.0,37.0,NE,32.4,8.8,33.0
2021-06-10,276,S,10.5,7.2,80.0,E,11.3,6.6,43.0,WNW,17.2,8.5,31.0
2021-06-11,131,SE,14.2,4.6,46.0,ESE,15.6,5.8,43.0,NNE,22.9,1.3,37.0
2021-06-12,93,WSW,12.0,5.6,33.0,NW,12.3,8.4,35.0,NE,26.7,5.8,35.0
2021-06-13,85,WSW,11.4,4.7,15.0,WSW,10.1,3.5,22.0,NNE,29.1,6.4,46.0
2021-06-14,85,N,12.1,5.4,28.0,WSW,8.7,3.8,46.0,N,19.6,16.1,30.0
2021-06-15,54,NE,10.3,3.8,46.0,NW,9.7,3.0,24.0,NNE,16.5,9.9,17.0
2021-06-16,71,NNE,10.8,8.3,54.0,WSW,10.9,5.5,24.0,NNE,17.5,12.3,20.0
2021-06-17,51,N,9.8,4.9,26.0,NW,11.3,5.3,19.0,NW,17.8,13.8,54.0
2021-06-18,75,SSW,11.7,6.2,43.0,NW,12.9,7.6,28.0,W,16.9,10.9,43.0
2021-06-19,67,SSE,12.0,6.5,39.0,NNW,12.5,8.9,30.0,W,21.7,2.0,30.0
2021-06-20,79,S,11.5,3.4,35.0,WNW,15.9,5.5,7.0,SSW,21.6,3.7,33.0
2021-06-21,77,N,11.1,-1.3,31.0,NNW,14.9,7.3,30.0,NNE,24.1,2.8,22.0
2021-06-22,70,NNE,10.1,0.6,52.0,NE,16.1,9.1,13.0,WSW,26.5,5.2,20.0
2021-06-23,67,N,9.8,7.1,63.0,N,14.7,10.6,43.0,NE,26.3,7.9,20.0
2021-06-24,60,NNE,10.7,7.1,57.0,N,15.8,12.3,56.0,WSW,24.9,8.0,43.0
2021-06-25,81,N,11.9,7.5,37.0,WNW,10.5,7.7,33.0,NNE,22.8,10.3,20.0
2021-06-26,75,WNW,9.2,6.1,37.0,W,9.1,4.9,30.0,NNW,20.6,14.5,26.0
2021-06-27,66,N,12.8,5.1,30.0,SW,8.6,5.3,26.0,SW,20.9,7.9,37.0
2021-06-28,55,N,10.8,-0.5,28.0,E,8.8,5.5,22.0,SW,21.2,4.5,20.0
2021-06-29,76,N,12.6,0.6,48.0,ESE,12.3,3.3,13.0,N,22.5,4.9,30.0
2021-06-30,69,NNE,12.2,7.1,50.0,N,11.9,6.3,24.0,SSW,23.2,6.6,22.0
2021-07-01,91,NNE,11.8,8.0,41.0,N,12.7,7.8,28.0,W,24.1,14.8,57.0
2021-07-02,65,NNE,10.1,8.0,48.0,N,15.7,8.9,26.0,W,28.0,12.9,37.0
2021-07-03,84,N,6.3,2.8,39.0,N,14.7,8.8,20.0,SW,27.2,7.8,44.0
2021-07-04,76,WNW,9.1,2.6,50.0,WSW,8.3,6.4,30.0,SE,29.0,7.9,28.0
2021-07-05,73,W,9.2,5.2,33.0,NW,9.4,2.0,33.0,NW,31.7,7.1,37.0
2021-07-06,57,NNW,8.7,4.9,22.0,N,10.4,5.1,31.0,SW,36.3,10.2,65.0
2021-07-07,58,NNW,9.5,3.8,26.0,N,11.8,8.8,52.0,WSW,27.2,13.4,41.0
2021-07-08,77,N,8.5,-2.4,24.0,NNE,7.4,5.3,46.0,SW,29.3,9.4,30.0
2021-07-09,72,SE,11.1,-2.1,24.0,SE,10.2,3.9,65.0,NNW,31.6,10.4,26.0
2021-07-10,89,SE,13.1,-0.7,26.0,SE,10.4,5.3,63.0,ESE,34.1,14.9,41.0
2021-07-11,88,NNE,10.4,-1.0,52.0,ESE,11.2,6.3,31.0,S,26.2,7.2,24.0
2021-07-12,65,N,11.7,5.6,54.0,None,10.5,7.8,0.0,NE,27.4,8.0,17.0
2021-07-13,64,N,11.1,5.6,44.0,None,11.1,7.825,0.0,NNW,28.8,8.8,31.0
2021-07-14,60,NNE,9.6,6.6,54.0,None,12.0,7.85,0.0,WSW,24.1,10.5,33.0
2021-07-15,47,NNW,12.5,6.6,48.0,None,11.8,7.875,0.0,SSW,19.5,10.3,54.0
2021-07-16,43,N,10.9,6.6,46.0,None,12.0,7.9,0.0,WSW,22.7,1.9,35.0
2021-07-17,64,SW,8.9,3.5,48.0,N,8.6,5.5,17.0,S,22.5,7.6,35.0
2021-07-18,47,WSW,9.1,4.2,37.0,SE,9.2,3.9,35.0,SSE,24.5,4.5,24.0
2021-07-19,56,NNW,9.7,4.3,37.0,ESE,10.8,6.0,31.0,NE,27.7,6.0,24.0
2021-07-20,44,SSW,7.5,5.5,65.0,E,10.3,6.0,37.0,NE,30.4,6.9,37.0
2021-07-21,44,WSW,8.9,1.0,31.0,NNW,11.3,4.9,19.0,NW,31.7,10.5,57.0
2021-07-22,49,N,6.4,1.3,57.0,None,12.2,5.8,0.0,NW,27.9,16.2,43.0
2021-07-23,60,N,7.1,3.6,56.0,None,12.1,8.6,0.0,WNW,24.0,10.7,37.0
2021-07-24,46,WNW,9.9,4.1,72.0,N,12.0,8.7,44.0,WNW,25.9,5.7,35.0
2021-07-25,52,WNW,8.6,1.3,50.0,N,8.0,6.9,31.0,N,34.1,6.4,57.0
2021-07-26,63,NNW,12.4,3.3,56.0,NW,8.4,6.1,26.0,N,28.5,17.9,48.0
2021-07-27,105,N,13.5,5.3,70.0,NW,11.5,4.2,19.0,W,23.8,8.1,44.0
2021-07-28,70,W,11.3,6.9,74.0,NW,11.4,4.6,9.0,E,29.4,5.7,28.0
2021-07-29,64,N,10.8,1.7,43.0,N,12.4,5.2,30.0,N,33.3,10.1,31.0
2021-07-30,62,NNE,10.4,2.6,67.0,NNE,13.1,8.6,35.0,None,35.4,10.2,0.0
2021-07-31,80,NNE,13.8,5.2,63.0,NE,20.1,14.3,26.0,SW,35.8,10.9,35.0
2021-08-01,66,W,11.2,2.1,35.0,NE,13.8,8.6,28.0,WSW,38.2,12.1,46.0
2021-08-02,58,N,11.3,3.6,59.0,NE,10.9,8.4,44.0,W,37.6,13.6,41.0
2021-08-03,61,SW,9.7,2.5,54.0,N,5.8,3.0,33.0,N,39.4,13.4,30.0
2021-08-04,54,WSW,10.7,4.5,46.0,NW,6.4,3.1,37.0,NNW,41.4,14.6,57.0
2021-08-05,65,WSW,11.3,6.6,41.0,NW,7.7,4.0,15.0,W,30.7,21.0,50.0
2021-08-06,46,WSW,10.8,7.2,39.0,WNW,7.4,3.3,15.0,SE,33.4,13.5,33.0
2021-08-07,63,SW,11.4,4.5,39.0,WNW,8.8,3.5,13.0,N,26.7,17.3,35.0
2021-08-08,66,N,11.8,-0.2,28.0,ENE,8.8,2.5,13.0,NE,21.6,17.6,39.0
2021-08-09,64,NNW,12.2,2.0,35.0,SE,10.1,4.0,13.0,W,30.0,18.3,41.0
2021-08-10,62,NNE,13.9,2.6,69.0,ESE,10.3,3.9,15.0,NE,31.7,12.6,28.0
2021-08-11,69,NNE,10.0,7.4,52.0,N,12.1,5.5,35.0,WSW,31.4,12.8,80.0
2021-08-12,73,NW,12.4,3.7,35.0,NNE,11.6,7.8,52.0,WSW,23.8,8.6,41.0
2021-08-13,73,WNW,13.5,3.3,41.0,NNW,10.2,6.5,28.0,WSW,27.8,5.1,30.0
2021-08-14,83,NNW,13.2,1.4,37.0,NNE,9.8,6.1,50.0,None,29.8,6.5,0.0
2021-08-15,74,NW,14.7,3.8,56.0,N,11.2,6.3,30.0,N,31.0,6.6,69.0
2021-08-16,55,WSW,11.2,6.9,52.0,N,7.9,6.8,31.0,WNW,21.1,10.2,59.0
2021-08-17,52,SW,11.3,6.9,33.0,NW,7.7,3.7,33.0,W,18.7,12.5,67.0
2021-08-18,57,N,12.8,1.8,33.0,W,8.6,3.4,26.0,SSW,20.2,7.8,39.0
2021-08-19,82,N,13.6,3.1,41.0,WNW,8.0,5.7,28.0,WSW,27.9,4.5,26.0
2021-08-20,61,N,13.2,5.9,56.0,W,6.7,6.3,39.0,SSE,29.2,9.2,44.0
2021-08-21,81,NNW,14.8,4.3,44.0,W,7.5,2.7,28.0,N,28.7,5.8,30.0
2021-08-22,97,N,17.0,5.6,67.0,NNE,7.9,3.5,39.0,NE,28.6,12.1,35.0
2021-08-23,54,NW,10.0,5.9,44.0,N,6.7,4.2,30.0,NE,29.4,10.5,39.0
2021-08-24,52,S,9.9,1.3,48.0,N,8.1,3.7,46.0,NNW,33.3,12.1,30.0
2021-08-25,63,SSE,10.1,4.5,50.0,NW,8.3,1.8,35.0,NNE,35.2,11.7,30.0
2021-08-26,70,SE,9.8,1.6,35.0,NW,10.7,2.2,39.0,S,32.1,19.9,26.0
2021-08-27,71,WNW,13.3,-1.4,24.0,N,12.9,8.2,69.0,NW,34.5,17.3,48.0
2021-08-28,87,N,13.6,-0.4,52.0,N,11.9,9.4,48.0,SW,25.7,15.6,54.0
2021-08-29,57,NNE,12.6,5.8,50.0,NNW,10.3,3.0,37.0,SW,27.0,7.6,39.0
2021-08-30,61,N,14.2,2.1,50.0,NE,10.6,4.8,52.0,WSW,28.0,8.1,37.0
2021-08-31,63,NNW,19.8,6.5,61.0,N,13.6,7.3,61.0,N,29.4,8.6,54.0
2021-09-01,73,N,19.3,4.8,44.0,NNE,11.2,5.1,35.0,W,33.7,16.9,28.0
2021-09-02,114,N,21.7,9.5,69.0,NE,8.9,5.3,31.0,NW,34.2,16.3,37.0
2021-09-03,105,NNE,14.3,13.5,50.0,W,9.1,4.0,22.0,SW,27.7,13.3,52.0
2021-09-04,54,SSE,11.0,6.6,43.0,W,10.1,5.3,26.0,SSW,23.3,11.2,46.0
2021-09-05,45,WSW,10.8,4.1,46.0,WSW,9.0,6.6,17.0,S,25.0,7.2,31.0
2021-09-06,69,SSW,13.1,4.7,52.0,WSW,10.5,6.0,17.0,W,27.3,10.4,37.0
2021-09-07,52,SW,11.7,5.2,46.0,NE,12.1,5.3,17.0,SW,25.5,9.4,31.0
2021-09-08,84,N,15.8,0.1,41.0,NNE,12.2,6.1,26.0,WSW,25.5,10.4,28.0
2021-09-09,87,NW,21.0,7.8,67.0,N,13.3,8.0,54.0,SW,30.7,6.6,31.0
2021-09-10,92,N,16.3,6.3,43.0,N,14.7,9.9,56.0,E,26.4,15.9,26.0
2021-09-11,100,NNE,15.9,8.8,48.0,NW,11.3,3.4,24.0,NNW,31.0,14.5,44.0
2021-09-12,87,WNW,11.5,4.2,48.0,NW,12.9,5.6,24.0,ENE,27.4,18.2,33.0
2021-09-13,62,S,11.8,0.5,50.0,NW,12.7,5.2,24.0,WSW,30.0,14.7,39.0
2021-09-14,64,SE,12.0,0.3,30.0,NW,14.4,7.0,43.0,S,30.9,12.0,46.0
2021-09-15,54,SE,12.4,1.6,39.0,W,8.8,6.4,28.0,SSE,29.5,16.2,37.0
2021-09-16,51,ESE,14.3,3.6,26.0,WSW,8.6,6.3,30.0,ESE,29.7,13.6,37.0
2021-09-17,87,NNE,18.3,4.9,78.0,NNW,9.7,5.9,19.0,WSW,32.1,10.6,35.0
2021-09-18,61,W,12.3,5.9,61.0,N,13.2,6.1,24.0,WNW,33.3,11.8,28.0
2021-09-19,64,NW,14.4,2.4,57.0,NNE,12.4,7.9,46.0,SW,36.4,13.3,35.0
2021-09-20,69,WSW,10.6,5.5,69.0,NW,14.9,7.7,31.0,N,37.0,15.7,39.0
2021-09-21,58,S,10.0,1.7,44.0,N,17.2,9.8,46.0,NW,39.7,17.4,48.0
2021-09-22,73,WSW,15.8,5.1,33.0,NNW,10.6,6.3,54.0,NNW,39.8,12.3,69.0
2021-09-23,66,NNW,16.4,4.4,41.0,SE,8.5,3.3,31.0,WNW,30.6,18.9,44.0
2021-09-24,69,W,14.6,5.0,61.0,SE,10.2,3.9,30.0,SW,24.6,8.7,65.0
2021-09-25,65,S,10.3,3.5,43.0,E,8.6,3.9,28.0,W,23.6,9.4,43.0
2021-09-26,82,ESE,15.3,-0.7,46.0,E,10.2,3.7,15.0,SW,27.2,11.1,43.0
2021-09-27,95,N,15.9,1.5,44.0,NNE,13.7,5.9,33.0,SW,30.4,10.8,48.0
2021-09-28,92,NNW,19.9,5.2,33.0,NE,10.0,6.2,43.0,SW,31.2,13.2,44.0
2021-09-29,81,SE,16.5,11.1,46.0,N,13.1,5.5,41.0,NNW,31.9,7.1,26.0
2021-09-30,83,ESE,15.8,10.7,37.0,NE,15.8,8.6,48.0,NNW,34.5,9.8,37.0
2021-10-01,75,N,17.5,10.4,30.0,NE,19.9,10.3,43.0,SSE,25.5,11.1,28.0
2021-10-02,86,SSW,17.0,10.3,35.0,NNE,21.2,15.1,63.0,NNE,22.7,16.7,20.0
2021-10-03,57,NW,14.9,6.7,43.0,NNE,20.4,17.7,61.0,E,21.2,16.6,24.0
2021-10-04,51,WNW,12.9,5.1,76.0,SE,11.0,6.9,39.0,SSE,20.0,16.6,20.0
2021-10-05,55,W,14.4,6.7,54.0,WSW,10.3,4.6,31.0,WNW,21.8,16.2,39.0
2021-10-06,60,NW,17.6,1.1,65.0,W,12.1,5.1,37.0,WNW,22.4,15.5,43.0
2021-10-07,67,SW,12.4,4.5,61.0,WSW,11.3,6.2,30.0,NNE,22.2,6.7,24.0
2021-10-08,71,NNW,17.5,1.7,50.0,None,15.4,6.1,0.0,W,23.6,10.8,48.0
2021-10-09,90,N,19.8,5.3,39.0,NW,19.4,8.8,43.0,W,21.3,5.1,44.0
2021-10-10,69,S,13.1,3.9,48.0,NW,16.7,7.4,30.0,WSW,23.2,5.3,37.0
2021-10-11,78,ESE,12.7,0.7,37.0,NE,17.2,8.7,44.0,SSW,24.7,4.2,19.0
2021-10-12,72,ESE,16.2,4.4,41.0,SW,12.5,4.5,24.0,NNE,26.2,4.6,15.0
2021-10-13,79,NNE,16.8,9.7,44.0,SSW,11.5,3.3,20.0,SW,26.5,13.3,33.0
2021-10-14,62,NW,13.5,6.1,46.0,E,12.0,3.5,20.0,SW,28.3,12.7,35.0
2021-10-15,59,SW,12.1,3.9,57.0,ESE,12.0,3.6,30.0,SW,28.2,9.4,28.0
2021-10-16,72,SW,12.5,7.6,50.0,NW,13.3,3.3,22.0,NNE,31.3,12.2,46.0
2021-10-17,86,NNW,15.1,6.7,31.0,N,16.1,7.2,56.0,NNE,25.1,19.6,61.0
2021-10-18,72,SW,15.7,6.6,37.0,WSW,12.2,8.4,31.0,NNW,26.3,17.5,37.0
2021-10-19,60,SE,14.8,6.5,44.0,NW,11.9,4.2,39.0,WSW,27.0,11.9,37.0
2021-10-20,92,E,21.0,6.1,50.0,WSW,10.6,5.6,37.0,SW,28.4,12.5,24.0
2021-10-21,79,N,22.4,12.9,54.0,W,10.0,1.3,31.0,NE,30.1,12.9,24.0
2021-10-22,107,N,22.0,8.8,48.0,NW,12.6,5.9,17.0,NE,30.5,14.4,31.0
2021-10-23,71,SSW,14.8,9.9,43.0,NW,15.9,7.8,28.0,N,32.4,15.5,37.0
2021-10-24,70,S,13.1,6.0,41.0,WSW,13.3,7.5,37.0,WSW,26.1,20.0,37.0
2021-10-25,72,SSE,13.0,5.8,44.0,WSW,9.4,2.4,24.0,W,27.9,14.4,43.0
2021-10-26,77,ESE,18.6,4.3,30.0,E,11.8,3.0,30.0,SW,28.6,11.7,24.0
2021-10-27,67,N,24.6,5.6,52.0,N,15.4,5.3,28.0,SE,30.2,12.3,28.0
2021-10-28,122,W,24.3,9.9,61.0,NNE,18.1,8.3,20.0,SSW,30.2,13.3,20.0
2021-10-29,326,WSW,13.1,7.0,100.0,E,16.0,11.4,44.0,NNE,31.1,16.4,39.0
2021-10-30,127,WSW,12.8,0.0,48.0,E,14.5,10.9,31.0,N,29.0,14.5,35.0
2021-10-31,120,NW,17.9,0.7,31.0,WSW,11.0,4.5,19.0,NNE,31.8,14.9,35.0
2021-11-01,125,E,22.4,3.6,31.0,WSW,14.4,10.2,17.0,WSW,21.6,9.0,61.0
2021-11-02,110,N,26.2,7.4,56.0,NE,18.1,9.5,28.0,SW,16.6,3.2,26.0
2021-11-03,103,N,18.6,17.3,61.0,WNW,13.7,7.8,44.0,NW,15.7,0.2,26.0
2021-11-04,93,SE,17.9,9.1,48.0,W,12.7,5.8,30.0,W,18.8,6.4,31.0
2021-11-05,91,E,24.0,8.7,46.0,NNE,17.3,5.5,41.0,W,18.4,0.8,26.0
2021-11-06,95,NW,20.8,13.7,56.0,WSW,11.9,6.2,37.0,WSW,19.8,0.1,37.0
2021-11-07,53,ESE,14.0,9.8,33.0,N,17.0,5.4,28.0,WSW,21.7,-0.6,19.0
2021-11-08,66,SSE,14.1,5.0,31.0,N,20.7,9.5,31.0,N,22.2,0.1,17.0
2021-11-09,100,W,17.6,3.3,28.0,SE,12.4,6.6,24.0,N,22.2,0.7,17.0
2021-11-10,51,SSE,14.3,6.7,39.0,ESE,11.1,3.2,26.0,N,23.0,0.9,15.0
2021-11-11,74,SE,14.4,3.9,56.0,ESE,16.5,3.4,26.0,NE,23.8,1.3,20.0
2021-11-12,75,SE,12.0,7.6,74.0,NE,17.3,9.2,41.0,WSW,28.1,9.4,46.0
2021-11-13,65,SSE,12.7,7.0,44.0,WSW,15.7,4.7,31.0,SW,22.9,9.9,43.0
2021-11-14,70,SW,11.6,1.0,76.0,W,13.7,6.0,30.0,SW,25.2,4.1,33.0
2021-11-15,72,SSW,11.3,2.9,57.0,WSW,9.6,7.0,56.0,W,26.9,6.6,41.0
2021-11-16,78,SSW,11.4,3.9,28.0,WNW,14.9,6.2,22.0,W,25.3,12.9,46.0
2021-11-17,75,ENE,18.3,2.4,26.0,N,15.1,7.4,24.0,SSW,26.7,4.3,26.0
2021-11-18,85,NNW,23.8,7.8,70.0,E,13.5,6.2,41.0,NE,29.3,7.4,28.0
2021-11-19,72,ESE,15.6,8.9,39.0,ESE,20.4,7.3,44.0,SW,27.2,14.6,31.0
2021-11-20,96,ESE,17.1,7.5,39.0,NNE,21.0,12.0,30.0,WSW,27.4,10.6,39.0
2021-11-21,92,ESE,16.8,5.2,46.0,NNW,23.1,13.5,22.0,NE,29.8,7.8,20.0
2021-11-22,88,E,23.3,9.0,48.0,W,11.4,10.0,22.0,N,27.0,9.6,41.0
2021-11-23,74,NNW,21.4,13.0,46.0,WSW,11.7,6.0,30.0,NNW,30.6,15.3,37.0
2021-11-24,102,NNW,25.6,14.0,31.0,SW,12.1,5.0,26.0,WSW,35.0,11.7,72.0
2021-11-25,67,ESE,13.9,12.4,52.0,SSW,18.3,4.5,15.0,S,22.5,11.5,44.0
2021-11-26,102,E,17.2,7.4,59.0,NNE,21.9,8.7,31.0,WSW,24.7,3.0,22.0
2021-11-27,97,ENE,17.7,8.5,69.0,ENE,23.7,12.4,69.0,N,27.8,8.5,46.0
2021-11-28,105,ENE,20.7,8.2,44.0,NE,21.53333333333333,6.7,59.0,NNE,27.0,11.5,30.0
2021-11-29,95,ENE,25.9,6.3,35.0,None,19.366666666666667,2.5,0.0,SE,28.8,11.3,28.0
2021-11-30,119,NW,28.3,12.4,35.0,NW,17.2,4.6,19.0,S,26.8,11.6,24.0
2021-12-01,132,NW,30.5,17.1,57.0,NW,21.5,8.6,22.0,NNE,15.9,1.2,17.0
2021-12-02,173,NNW,29.8,12.9,69.0,NNE,24.8,12.8,35.0,SW,18.4,-1.3,13.0
2021-12-03,103,SSE,20.1,6.1,37.0,NNE,21.7,18.5,54.0,N,18.7,-1.6,19.0
2021-12-04,81,SSW,17.3,6.7,50.0,E,15.9,8.8,33.0,SE,19.8,-1.4,13.0
2021-12-05,92,SE,20.0,5.1,54.0,E,22.1,9.5,39.0,NE,19.7,-0.5,28.0
2021-12-06,107,N,25.2,7.5,56.0,NNE,22.8,15.0,39.0,NNE,21.4,3.8,56.0
2021-12-07,68,SSW,16.2,10.8,44.0,SSW,12.6,8.9,24.0,NW,14.2,9.1,43.0
2021-12-08,71,S,14.8,4.3,52.0,E,13.3,6.9,20.0,W,13.7,2.2,31.0
2021-12-09,70,SSE,16.1,7.1,61.0,SW,17.1,6.0,20.0,SW,14.8,6.3,37.0
2021-12-10,87,SSE,17.4,6.0,50.0,S,10.4,8.7,19.0,S,12.8,-3.3,15.0
2021-12-11,119,ESE,19.2,8.7,41.0,ESE,13.4,4.8,41.0,SE,14.6,-3.9,11.0
2021-12-12,139,SE,26.2,7.5,35.0,ESE,9.6,6.4,57.0,NNE,14.7,-4.2,15.0
2021-12-13,115,N,29.1,12.9,50.0,ESE,10.4,6.7,37.0,NNW,27.7,6.9,20.0
2021-12-14,102,SSE,27.7,10.9,37.0,SW,10.0,3.3,46.0,NNW,29.8,9.4,17.0
2021-12-15,84,SSE,19.8,11.3,35.0,W,9.0,3.5,37.0,NNW,28.6,10.4,26.0
2021-12-16,103,S,21.2,7.1,37.0,SSW,10.7,3.9,20.0,N,30.5,8.4,19.0
2021-12-17,125,NW,27.7,5.5,39.0,SE,17.8,6.5,15.0,W,30.2,9.8,19.0
2021-12-18,131,W,30.3,18.0,48.0,N,20.5,9.1,54.0,NE,28.3,7.7,24.0
2021-12-19,135,W,17.4,9.7,76.0,WSW,15.8,8.8,28.0,ENE,28.8,11.0,31.0
2021-12-20,96,WNW,25.2,4.1,44.0,E,14.7,6.8,26.0,N,27.9,10.8,30.0
2021-12-21,104,S,24.9,8.5,39.0,ESE,15.1,6.0,24.0,SW,21.1,11.7,46.0
2021-12-22,89,SSE,21.4,10.5,41.0,ESE,20.9,7.9,20.0,SW,20.1,6.5,46.0
2021-12-23,118,SE,22.9,8.6,37.0,NNE,21.0,12.8,33.0,WSW,14.3,6.1,46.0
2021-12-24,121,S,28.8,9.5,43.0,E,25.2,14.8,17.0,SW,18.6,2.1,20.0
2021-12-25,78,S,24.2,12.0,44.0,ESE,12.3,11.6,20.0,N,19.6,0.2,26.0
2021-12-26,91,SSE,18.6,10.2,61.0,ESE,15.1,9.4,56.0,W,23.3,10.1,44.0
2021-12-27,94,SSE,19.2,9.0,70.0,E,16.4,7.4,59.0,WNW,20.0,3.3,31.0
2021-12-28,107,SE,23.1,9.7,57.0,E,20.0,6.4,28.0,SSW,20.2,4.1,24.0
2021-12-29,109,ESE,28.4,10.6,41.0,N,25.3,9.4,22.0,WSW,20.1,-0.5,28.0
2021-12-30,109,W,32.7,8.3,37.0,ENE,27.4,16.2,24.0,WSW,20.3,-0.6,24.0
2021-12-31,185,NNW,35.5,13.6,57.0,NE,17.1,10.8,31.0,NNW,20.9,1.2,35.0
2022-01-01,181,W,34.3,18.0,50.0,ENE,33.9,23.6,37.0,SW,16.1,4.2,31.0
2022-01-02,105,S,31.3,19.4,43.0,E,29.5,20.1,24.0,SW,15.3,-0.5,13.0
2022-01-03,97,SSE,23.0,12.4,52.0,E,19.7,11.8,26.0,WSW,15.4,-0.9,11.0
2022-01-04,99,SSE,19.3,11.6,46.0,ESE,23.1,11.9,37.0,NNE,14.8,-0.4,17.0
2022-01-05,127,E,25.0,13.9,50.0,E,24.6,13.7,37.0,NNE,13.9,3.0,33.0
2022-01-06,111,NNE,25.9,15.2,41.0,NE,27.8,15.5,31.0,N,16.0,10.0,31.0
2022-01-07,150,S,24.2,15.8,46.0,NE,23.4,17.9,35.0,N,11.3,7.7,24.0
2022-01-08,81,S,21.3,14.3,33.0,ESE,16.1,14.4,17.0,W,13.4,8.7,26.0
2022-01-09,93,SE,26.7,11.3,35.0,SSW,22.3,10.9,19.0,NE,10.1,4.7,13.0
2022-01-10,81,ESE,32.0,11.4,44.0,E,28.8,12.0,24.0,SSE,13.3,2.4,13.0
2022-01-11,111,ESE,27.6,15.6,57.0,E,25.8,14.9,39.0,NNE,15.6,0.3,15.0
2022-01-12,88,ESE,26.9,15.4,57.0,E,25.6,14.4,33.0,NNE,15.2,2.4,33.0
2022-01-13,202,NNE,30.5,16.8,57.0,E,29.4,16.9,30.0,N,23.3,2.6,24.0
2022-01-14,134,N,29.1,17.8,48.0,NE,28.2,19.5,35.0,NNE,25.2,5.3,30.0
2022-01-15,107,SSW,22.6,14.5,37.0,NW,21.1,14.7,22.0,WSW,21.0,9.7,39.0
2022-01-16,109,W,32.0,9.7,35.0,ENE,29.2,12.4,19.0,SSE,16.7,9.7,30.0
2022-01-17,73,SSW,25.1,13.9,41.0,NNW,21.4,14.1,24.0,S,21.8,11.0,35.0
2022-01-18,88,SE,19.9,9.2,54.0,ESE,18.7,11.2,30.0,ESE,25.2,5.1,28.0
2022-01-19,92,SE,24.3,11.7,65.0,None,21.4,11.0,0.0,WSW,25.1,6.5,24.0
2022-01-20,99,ESE,26.9,11.3,52.0,E,24.9,11.2,35.0,NNW,23.2,6.9,24.0
2022-01-21,124,ESE,29.7,14.2,50.0,E,27.4,15.4,30.0,N,17.6,9.1,15.0
2022-01-22,112,E,30.6,14.9,44.0,E,28.8,18.2,30.0,W,19.3,6.0,35.0
2022-01-23,92,ESE,31.3,15.8,39.0,ESE,30.5,19.3,22.0,S,18.7,11.1,33.0
2022-01-24,103,NNE,32.5,16.7,41.0,ESE,31.6,20.7,26.0,SE,20.3,5.7,20.0
2022-01-25,102,ESE,33.7,18.5,44.0,SSW,31.6,21.1,28.0,W,17.6,2.8,33.0
2022-01-26,184,NNW,33.9,18.8,56.0,ENE,33.0,18.2,28.0,W,14.3,4.3,31.0
2022-01-27,195,NNW,30.7,19.6,63.0,NE,27.6,17.4,35.0,None,14.5,7.3,0.0
2022-01-28,202,NNE,29.3,19.8,54.0,N,30.4,17.6,57.0,None,14.7,6.1,0.0
2022-01-29,102,SE,22.1,15.0,52.0,E,18.6,14.2,33.0,None,14.8,4.9,0.0
2022-01-30,108,SE,27.8,15.2,44.0,ESE,27.3,14.5,28.0,None,15.0,3.6,0.0
2022-01-31,101,NNW,32.1,15.5,43.0,NW,29.9,16.6,19.0,None,15.2,2.4,0.0
2022-02-01,88,SSW,22.2,14.8,52.0,WSW,20.2,16.1,37.0,NE,10.2,-0.4,24.0
2022-02-02,83,S,19.1,8.6,46.0,None,16.3,9.3,0.0,NE,8.8,1.1,37.0
2022-02-03,83,S,17.2,8.9,50.0,None,18.633333333333333,8.7,0.0,WNW,9.9,5.6,59.0
2022-02-04,82,SE,22.6,9.6,48.0,None,20.96666666666667,10.25,0.0,W,10.3,4.6,57.0
2022-02-05,106,ESE,23.9,11.7,43.0,E,23.3,11.8,31.0,NW,14.2,5.7,31.0
2022-02-06,81,ESE,26.9,10.9,44.0,ENE,24.0,13.2,28.0,NNE,16.2,6.7,54.0
2022-02-07,83,ESE,28.0,10.6,43.0,ESE,24.6,13.7,28.0,W,16.3,9.3,70.0
2022-02-08,71,NNE,28.1,10.7,46.0,NNW,26.0,14.4,19.0,WNW,11.2,1.5,30.0
2022-02-09,80,NNW,28.9,16.2,44.0,N,26.2,17.9,26.0,N,13.4,1.2,35.0
2022-02-10,78,SSE,24.0,12.7,41.0,ESE,20.9,14.0,22.0,WSW,15.9,6.2,44.0
2022-02-11,96,SSE,20.4,9.2,57.0,E,18.8,11.0,31.0,SSW,11.9,-0.8,11.0
2022-02-12,98,SSE,27.9,11.6,48.0,E,24.3,11.5,41.0,SE,16.9,2.4,15.0
2022-02-13,104,N,32.0,16.5,65.0,NNW,27.0,15.4,41.0,SW,14.4,8.3,19.0
2022-02-14,99,N,33.9,14.6,46.0,NW,31.3,18.0,41.0,SW,14.7,4.1,46.0
2022-02-15,91,SE,27.8,13.9,41.0,ESE,23.6,13.5,19.0,SW,11.2,-2.6,20.0
2022-02-16,102,ESE,29.0,13.6,33.0,NW,25.9,12.5,19.0,NNE,9.2,1.6,19.0
2022-02-17,90,SW,23.1,12.5,35.0,WSW,21.4,12.7,20.0,NNE,15.8,5.2,39.0
2022-02-18,97,SSW,20.6,10.1,46.0,WSW,17.2,10.6,30.0,NNE,10.7,5.5,43.0
2022-02-19,123,SSE,26.5,7.8,43.0,SE,22.8,9.5,24.0,None,12.4,1.7,0.0
2022-02-20,87,NW,24.9,6.0,46.0,WNW,25.0,11.3,31.0,SW,14.2,6.2,20.0
2022-02-21,86,S,19.5,6.4,43.0,SE,18.1,9.6,26.0,WNW,17.9,1.1,24.0
2022-02-22,100,ESE,26.7,10.4,43.0,ESE,25.0,9.6,35.0,N,10.6,2.9,20.0
2022-02-23,98,NNE,30.2,9.4,39.0,NE,30.5,12.4,28.0,N,10.6,8.4,15.0
2022-02-24,99,SE,28.2,16.7,44.0,NW,23.4,16.9,19.0,WSW,14.8,6.9,11.0
2022-02-25,90,SE,23.5,13.0,56.0,E,22.1,12.6,41.0,N,13.7,3.5,19.0
2022-02-26,125,ESE,26.9,14.1,50.0,E,24.9,13.4,43.0,NW,14.5,6.0,46.0
2022-02-27,113,SE,27.3,15.3,44.0,ESE,24.3,13.6,26.0,NNW,10.0,4.8,17.0
2022-02-28,97,SE,26.9,16.1,43.0,WSW,24.5,14.9,19.0,WSW,13.5,6.0,30.0
2022-03-01,107,ESE,21.0,16.9,39.0,E,22.1,16.3,31.0,N,21.0,2.5,39.0
2022-03-02,92,ENE,26.2,16.9,35.0,E,26.3,16.8,26.0,N,11.1,9.2,26.0
2022-03-03,97,SE,30.3,13.6,31.0,E,27.9,16.4,22.0,SSW,14.1,6.1,52.0
2022-03-04,82,NNE,28.6,15.2,39.0,SW,28.1,18.4,24.0,SSW,15.4,1.7,35.0
2022-03-05,110,S,21.2,13.7,44.0,SE,18.1,14.7,28.0,S,15.2,0.4,28.0
2022-03-06,81,SE,19.1,11.0,76.0,E,17.4,12.8,61.0,WSW,13.2,2.9,13.0
2022-03-07,76,SE,20.7,11.6,72.0,ESE,23.4,12.0,54.0,ENE,16.2,1.3,31.0
2022-03-08,72,SSE,18.4,11.4,69.0,E,17.6,11.0,44.0,WNW,13.8,4.8,24.0
2022-03-09,78,SE,19.0,11.8,69.0,ESE,18.2,10.8,48.0,NNE,15.5,3.3,26.0
2022-03-10,85,SSE,19.4,7.7,43.0,SE,18.2,9.1,28.0,NNE,18.8,0.8,35.0
2022-03-11,94,None,19.8,8.5,0.0,SSE,18.0,9.4,22.0,NW,14.8,5.4,35.0
2022-03-12,117,SE,24.2,9.0,43.0,SE,21.2,9.3,20.0,N,12.9,8.4,31.0
2022-03-13,128,N,26.7,11.3,48.0,ENE,26.1,12.4,31.0,N,9.4,3.4,26.0
2022-03-14,111,ESE,28.8,12.3,43.0,ESE,25.9,17.3,39.0,N,8.4,5.0,28.0
2022-03-15,100,NNE,21.3,14.5,44.0,NE,24.3,15.2,26.0,NW,9.6,3.3,20.0
2022-03-16,79,NNE,18.8,15.3,43.0,NE,20.4,16.0,33.0,WNW,9.3,5.6,15.0
2022-03-17,100,N,26.5,15.7,37.0,N,25.6,16.0,24.0,NNE,9.6,5.8,11.0
2022-03-18,92,SE,20.7,14.4,46.0,ESE,18.3,14.4,30.0,NE,12.8,-0.2,20.0
2022-03-19,91,N,26.5,11.3,54.0,E,26.2,11.9,39.0,W,14.9,1.8,20.0
2022-03-20,81,ESE,27.0,10.4,30.0,SSW,25.7,15.7,26.0,SE,16.3,-1.3,11.0
2022-03-21,92,SSW,29.5,9.0,35.0,WNW,26.7,12.7,19.0,N,14.5,-0.8,19.0
2022-03-22,94,WSW,21.7,10.8,41.0,WSW,23.7,13.7,20.0,NNE,14.3,0.4,31.0
2022-03-23,74,S,17.9,9.1,41.0,WSW,15.8,9.2,24.0,N,14.5,4.3,20.0
2022-03-24,81,SSE,19.7,5.7,33.0,ESE,17.8,9.2,22.0,NNE,11.2,3.1,31.0
2022-03-25,85,ESE,19.5,7.8,43.0,E,18.1,9.4,26.0,N,14.2,7.6,28.0
2022-03-26,104,ESE,25.4,10.5,46.0,E,22.5,8.5,26.0,NNW,11.5,4.2,48.0
2022-03-27,87,N,26.1,8.4,50.0,NNW,24.4,13.5,17.0,NW,9.8,6.4,50.0
2022-03-28,90,SE,24.6,14.8,37.0,ESE,22.2,17.5,19.0,W,13.2,6.4,41.0
2022-03-29,107,ESE,22.9,12.4,41.0,SSW,18.5,12.4,22.0,WNW,10.7,7.1,26.0
2022-03-30,80,SSE,19.0,10.5,59.0,S,17.4,10.1,30.0,SW,9.9,7.6,46.0
2022-03-31,87,S,16.9,9.1,81.0,SE,16.5,9.1,43.0,W,11.7,3.2,33.0
2022-04-01,86,SE,17.5,9.4,59.0,ESE,15.5,8.5,46.0,SW,16.5,3.7,24.0
2022-04-02,83,SE,16.5,11.2,50.0,ESE,12.2,8.6,39.0,W,20.2,4.7,30.0
2022-04-03,90,SE,17.3,11.0,50.0,ESE,14.0,9.9,33.0,WNW,19.9,3.0,50.0
2022-04-04,74,SW,16.9,11.1,31.0,SW,13.8,11.2,15.0,WSW,14.2,4.4,43.0
2022-04-05,71,SE,19.1,7.7,41.0,ESE,16.9,10.3,24.0,SSE,17.2,-0.1,20.0
2022-04-06,105,ESE,19.3,9.6,44.0,E,18.6,11.4,31.0,NNE,18.0,0.2,33.0
2022-04-07,79,SE,19.9,12.1,46.0,E,19.5,10.5,33.0,NNW,21.9,1.4,31.0
2022-04-08,101,ESE,20.8,10.4,35.0,E,20.3,11.0,22.0,ESE,16.7,12.2,22.0
2022-04-09,112,NNE,22.0,13.5,50.0,NE,21.2,14.6,28.0,NNW,15.6,12.6,26.0
2022-04-10,118,N,24.7,14.7,43.0,NNE,22.4,15.3,30.0,WSW,14.2,5.9,35.0
2022-04-11,88,SSE,17.6,10.9,39.0,S,14.1,9.9,24.0,N,14.5,-0.1,24.0
2022-04-12,99,SE,16.6,5.9,44.0,SE,13.5,8.1,20.0,NW,12.3,3.4,35.0
2022-04-13,115,ESE,19.9,9.2,41.0,E,17.2,8.8,28.0,WNW,13.1,5.1,41.0
2022-04-14,111,N,22.5,4.5,43.0,N,20.9,10.7,33.0,WSW,13.7,6.6,33.0
2022-04-15,138,N,24.0,11.6,37.0,NNE,21.2,15.0,24.0,WNW,13.5,6.7,26.0
2022-04-16,149,NNW,25.2,10.6,39.0,N,23.0,14.4,20.0,WSW,13.9,8.9,26.0
2022-04-17,207,N,25.5,10.5,56.0,N,23.5,16.5,39.0,WSW,14.7,0.2,11.0
2022-04-18,97,SW,15.0,12.5,31.0,N,14.3,13.4,33.0,NE,15.0,2.2,19.0
2022-04-19,92,SSE,13.2,11.8,35.0,SW,13.0,11.5,24.0,NNE,16.5,5.1,35.0
2022-04-20,62,W,16.3,5.0,35.0,NW,15.0,6.4,26.0,WSW,20.1,4.1,70.0
2022-04-21,66,SSE,13.3,8.0,33.0,WNW,11.9,8.3,22.0,W,14.5,4.2,30.0
2022-04-22,85,ESE,15.8,7.8,48.0,ESE,13.7,7.2,31.0,WNW,15.3,5.5,31.0
2022-04-23,98,ESE,18.2,7.3,35.0,SE,16.2,6.6,15.0,WNW,15.6,1.3,20.0
2022-04-24,95,ESE,19.1,8.1,31.0,E,15.7,8.5,17.0,NNW,15.4,0.9,30.0
2022-04-25,82,N,20.9,5.4,35.0,NW,19.5,9.1,17.0,WNW,14.6,5.4,35.0
2022-04-26,101,NE,21.3,7.6,35.0,E,19.1,12.0,17.0,WSW,15.2,6.9,35.0
2022-04-27,80,NNE,19.1,14.3,39.0,NNE,18.2,13.3,17.0,NNE,14.9,0.9,22.0
2022-04-28,75,N,18.1,13.9,50.0,N,17.7,13.9,31.0,E,13.9,3.3,15.0
2022-04-29,98,N,17.4,13.8,54.0,NNE,17.7,14.4,46.0,NE,13.4,1.2,22.0
2022-04-30,80,W,14.9,7.8,50.0,W,12.5,7.8,37.0,WNW,18.4,3.7,24.0
2022-05-01,73,NNW,16.9,6.5,39.0,NW,15.0,8.1,24.0,N,26.1,8.0,28.0
2022-05-02,59,NNW,18.6,8.9,37.0,NW,17.2,10.7,22.0,W,23.3,15.0,43.0
2022-05-03,83,N,17.9,7.9,57.0,NNW,15.9,10.9,35.0,WSW,18.0,7.1,46.0
2022-05-04,54,SW,12.6,8.0,35.0,N,11.3,10.1,22.0,WSW,18.7,4.6,30.0
2022-05-05,59,S,11.4,0.4,28.0,SW,10.8,3.1,15.0,NE,21.8,3.0,35.0
2022-05-06,74,NW,11.6,-1.7,37.0,NW,10.4,3.3,33.0,NNE,25.9,3.6,26.0
2022-05-07,66,W,11.1,4.6,46.0,NW,9.1,5.3,24.0,WSW,24.7,8.6,33.0
2022-05-08,73,SW,13.4,7.9,35.0,WNW,10.8,5.6,13.0,WNW,17.6,12.3,57.0
2022-05-09,79,ESE,14.4,1.9,24.0,NE,13.7,6.4,17.0,WSW,17.1,2.6,39.0
2022-05-10,77,None,16.3,3.6,0.0,E,16.1,7.7,17.0,SSE,21.1,1.5,22.0
2022-05-11,80,NNE,18.2,10.1,46.0,WNW,17.2,12.1,15.0,N,21.8,4.1,28.0
2022-05-12,63,ESE,17.7,10.7,35.0,E,17.1,12.6,24.0,NNE,23.5,3.7,41.0
2022-05-13,68,N,16.2,9.5,31.0,NNE,16.2,11.9,19.0,N,22.0,11.4,57.0
2022-05-14,55,N,14.8,12.3,54.0,NNE,13.7,13.4,41.0,WSW,17.2,10.9,35.0
2022-05-15,63,NW,17.3,11.1,57.0,NNW,16.4,11.3,44.0,SW,14.5,7.7,56.0
2022-05-16,46,NW,12.3,7.5,50.0,NW,11.6,8.0,28.0,W,16.4,7.3,37.0
2022-05-17,71,WNW,11.6,2.3,37.0,NW,10.4,4.1,31.0,WSW,15.6,2.5,31.0
2022-05-18,57,W,11.6,4.4,46.0,SW,10.8,6.3,28.0,NNW,16.2,1.7,20.0
2022-05-19,72,S,11.3,1.7,37.0,SSE,10.2,5.6,15.0,N,19.9,2.7,41.0
2022-05-20,81,SE,13.2,6.2,46.0,E,12.2,7.0,20.0,ESE,18.1,7.9,17.0
2022-05-21,112,ESE,17.1,4.3,30.0,ESE,13.9,5.3,11.0,W,25.1,4.3,44.0
2022-05-22,65,SE,15.4,2.9,33.0,NW,12.7,4.2,17.0,WNW,15.6,10.9,54.0
2022-05-23,74,N,16.7,0.9,26.0,WNW,16.3,4.9,19.0,SW,15.9,3.4,26.0
2022-05-24,89,NE,17.0,0.4,35.0,WNW,15.7,10.1,13.0,SW,15.9,0.4,28.0
2022-05-25,77,NNE,14.6,6.3,52.0,NE,14.8,10.1,24.0,NW,17.4,0.9,17.0
2022-05-26,52,N,14.2,10.1,39.0,NE,12.1,10.9,35.0,NNE,17.3,1.8,28.0
2022-05-27,62,NW,14.4,3.7,17.0,WSW,13.1,8.8,15.0,NNE,18.6,1.6,41.0
2022-05-28,76,W,12.6,3.0,26.0,WSW,10.3,7.2,15.0,W,15.9,11.4,56.0
2022-05-29,61,N,8.9,2.1,30.0,N,12.4,5.7,24.0,NW,17.2,2.1,41.0
2022-05-30,56,ENE,7.4,4.2,39.0,NE,8.9,5.7,30.0,W,14.8,9.6,72.0
2022-05-31,64,W,6.2,2.8,61.0,NW,5.4,4.1,31.0,WSW,13.9,2.4,44.0
2022-06-01,46,SW,9.4,0.8,57.0,WSW,8.1,1.8,35.0,SE,26.4,9.0,22.0
2022-06-02,69,N,8.8,-3.0,30.0,N,8.0,2.5,19.0,NE,25.9,9.9,24.0
2022-06-03,66,N,10.4,0.3,50.0,N,7.6,4.3,31.0,N,24.3,16.6,28.0
2022-06-04,76,N,9.9,4.8,52.0,N,9.1,5.3,44.0,NNE,22.5,16.6,28.0
2022-06-05,52,N,9.9,6.0,67.0,N,8.6,6.6,50.0,SSE,22.4,14.1,35.0
2022-06-06,60,W,9.5,2.5,54.0,WSW,8.4,3.6,30.0,SE,23.0,8.9,35.0
2022-06-07,68,SW,8.9,2.1,52.0,SW,6.5,2.5,26.0,S,24.8,7.1,20.0
2022-06-08,66,WSW,9.0,4.1,35.0,WSW,6.7,2.9,30.0,NNW,27.6,10.2,20.0
2022-06-09,61,SW,9.7,5.1,41.0,W,7.8,4.8,30.0,SSW,30.0,10.2,26.0
2022-06-10,60,SSW,9.7,6.6,46.0,WSW,8.1,5.8,35.0,NNW,18.7,10.4,30.0
2022-06-11,57,SW,9.4,5.5,50.0,WSW,7.7,4.7,26.0,WNW,19.9,6.9,28.0
2022-06-12,64,WSW,10.2,6.3,44.0,WSW,8.1,5.2,30.0,NNE,18.8,8.3,20.0
2022-06-13,77,SW,10.2,5.2,22.0,WSW,8.2,5.6,19.0,WNW,16.7,9.4,78.0
2022-06-14,55,NNE,8.4,5.8,65.0,NNW,8.7,4.6,46.0,W,15.9,8.0,44.0
2022-06-15,71,N,10.1,5.8,67.0,NNE,9.2,6.1,61.0,NE,19.8,3.0,24.0
2022-06-16,58,SSW,13.3,5.9,33.0,NW,10.3,7.3,28.0,WSW,16.5,6.7,56.0
2022-06-17,68,SSE,11.8,7.7,24.0,SSW,10.3,6.8,17.0,NNE,18.9,2.9,30.0
2022-06-18,69,E,13.3,1.6,15.0,ESE,11.3,6.0,13.0,NNE,24.3,5.2,44.0
2022-06-19,83,NNE,9.0,0.8,50.0,NE,11.6,5.7,31.0,WSW,17.4,11.0,33.0
2022-06-20,79,N,13.4,6.7,56.0,NNE,13.4,8.7,39.0,SE,18.0,4.2,26.0
2022-06-21,64,W,12.3,3.4,35.0,WNW,10.3,7.5,24.0,N,20.3,5.9,24.0
2022-06-22,58,N,13.2,3.6,28.0,NNW,9.9,5.0,22.0,WNW,17.3,7.6,56.0
2022-06-23,52,N,13.0,8.4,50.0,NNW,11.4,7.5,35.0,W,19.2,3.8,67.0
2022-06-24,75,N,12.6,8.6,48.0,NNW,10.1,8.3,35.0,WSW,16.9,6.5,59.0
2022-06-25,80,NNW,12.3,5.0,44.0,NNW,11.4,5.9,37.0,SW,17.6,9.8,63.0
2022-06-26,63,SW,10.0,5.6,43.0,NW,7.8,6.7,30.0,WNW,18.4,3.6,26.0
2022-06-27,68,SSW,9.9,-0.5,28.0,WSW,7.3,4.2,17.0,NE,19.4,3.8,24.0
2022-06-28,56,N,10.1,-0.1,43.0,N,9.9,3.9,39.0,SE,21.1,7.4,39.0
2022-06-29,63,N,7.4,2.2,46.0,N,7.7,4.8,33.0,S,24.1,3.7,24.0
2022-06-30,60,SSE,11.9,1.8,31.0,NW,11.7,4.7,22.0,NNW,22.9,8.3,19.0
