Date,Ball_Minimum temperature (°C),Ball_Maximum temperature (°C),Ball_Direction of maximum wind gust,Ball_Speed of maximum wind gust (km/h)
2022-07-01,4.8,9.5,SSE,35.0
2022-07-02,1.2,10.0,SE,44.0
2022-07-03,4.8,10.2,SE,57.0
2022-07-04,4.9,11.5,SSE,57.0
2022-07-05,5.9,11.9,SE,54.0
2022-07-06,-2.4,12.9,NNW,39.0
2022-07-07,0.0,10.7,SW,43.0
2022-07-08,4.9,10.1,SSW,50.0
2022-07-09,4.9,10.4,S,30.0
2022-07-10,2.8,12.8,N,35.0
2022-07-11,2.9,8.9,N,44.0
2022-07-12,5.2,10.7,N,26.0
2022-07-13,0.0,10.3,SSW,39.0
2022-07-14,3.1,9.4,S,31.0
2022-07-15,1.8,10.9,N,41.0
2022-07-16,4.1,10.5,N,70.0
2022-07-17,4.2,13.0,W,56.0
2022-07-18,3.3,9.0,S,43.0
2022-07-19,2.9,8.6,SE,39.0
2022-07-20,-0.5,12.3,ESE,31.0
2022-07-21,0.6,14.4,NNE,41.0
2022-07-22,1.5,13.6,N,65.0
2022-07-23,7.2,10.9,N,54.0
2022-07-24,8.6,14.0,NNE,44.0
2022-07-25,8.5,10.3,W,54.0
2022-07-26,4.4,9.1,SW,57.0
2022-07-27,5.2,11.9,W,39.0
2022-07-28,4.7,10.5,SSW,30.0
2022-07-29,0.1,9.8,SSE,31.0
2022-07-30,-2.2,8.9,N,54.0
2022-07-31,2.7,10.5,N,69.0
2022-06-01,0.8,9.4,SW,57.0
2022-06-02,-3.0,8.8,N,30.0
2022-06-03,0.3,10.4,N,50.0
2022-06-04,4.8,9.9,N,52.0
2022-06-05,6.0,9.9,N,67.0
2022-06-06,2.5,9.5,W,54.0
2022-06-07,2.1,8.9,SW,52.0
2022-06-08,4.1,9.0,WSW,35.0
2022-06-09,5.1,9.7,SW,41.0
2022-06-10,6.6,9.7,SSW,46.0
2022-06-11,5.5,9.4,SW,50.0
2022-06-12,6.3,10.2,WSW,44.0
2022-06-13,5.2,10.2,SW,22.0
2022-06-14,5.8,8.4,NNE,65.0
2022-06-15,5.8,10.1,N,67.0
2022-06-16,5.9,13.3,SSW,33.0
2022-06-17,7.7,11.8,SSE,24.0
2022-06-18,1.6,13.3,E,15.0
2022-06-19,0.8,9.0,NNE,50.0
2022-06-20,6.7,13.4,N,56.0
2022-06-21,3.4,12.3,W,35.0
2022-06-22,3.6,13.2,N,28.0
2022-06-23,8.4,13.0,N,50.0
2022-06-24,8.6,12.6,N,48.0
2022-06-25,5.0,12.3,NNW,44.0
2022-06-26,5.6,10.0,SW,43.0
2022-06-27,-0.5,9.9,SSW,28.0
2022-06-28,-0.1,10.1,N,43.0
2022-06-29,2.2,7.4,N,46.0
2022-06-30,1.8,11.9,SSE,31.0
2022-05-01,6.5,16.9,NNW,39.0
2022-05-02,8.9,18.6,NNW,37.0
2022-05-03,7.9,17.9,N,57.0
2022-05-04,8.0,12.6,SW,35.0
2022-05-05,0.4,11.4,S,28.0
2022-05-06,-1.7,11.6,NW,37.0
2022-05-07,4.6,11.1,W,46.0
2022-05-08,7.9,13.4,SW,35.0
2022-05-09,1.9,14.4,ESE,24.0
2022-05-10,3.6,16.3,None,0.0
2022-05-11,10.1,18.2,NNE,46.0
2022-05-12,10.7,17.7,ESE,35.0
2022-05-13,9.5,16.2,N,31.0
2022-05-14,12.3,14.8,N,54.0
2022-05-15,11.1,17.3,NW,57.0
2022-05-16,7.5,12.3,NW,50.0
2022-05-17,2.3,11.6,WNW,37.0
2022-05-18,4.4,11.6,W,46.0
2022-05-19,1.7,11.3,S,37.0
2022-05-20,6.2,13.2,SE,46.0
2022-05-21,4.3,17.1,ESE,30.0
2022-05-22,2.9,15.4,SE,33.0
2022-05-23,0.9,16.7,N,26.0
2022-05-24,0.4,17.0,NE,35.0
2022-05-25,6.3,14.6,NNE,52.0
2022-05-26,10.1,14.2,N,39.0
2022-05-27,3.7,14.4,NW,17.0
2022-05-28,3.0,12.6,W,26.0
2022-05-29,2.1,8.9,N,30.0
2022-05-30,4.2,7.4,ENE,39.0
2022-05-31,2.8,6.2,W,61.0
2022-04-01,9.4,17.5,SE,59.0
2022-04-02,11.2,16.5,SE,50.0
2022-04-03,11.0,17.3,SE,50.0
2022-04-04,11.1,16.9,SW,31.0
2022-04-05,7.7,19.1,SE,41.0
2022-04-06,9.6,19.3,ESE,44.0
2022-04-07,12.1,19.9,SE,46.0
2022-04-08,10.4,20.8,ESE,35.0
2022-04-09,13.5,22.0,NNE,50.0
2022-04-10,14.7,24.7,N,43.0
2022-04-11,10.9,17.6,SSE,39.0
2022-04-12,5.9,16.6,SE,44.0
2022-04-13,9.2,19.9,ESE,41.0
2022-04-14,4.5,22.5,N,43.0
2022-04-15,11.6,24.0,N,37.0
2022-04-16,10.6,25.2,NNW,39.0
2022-04-17,10.5,25.5,N,56.0
2022-04-18,12.5,15.0,SW,31.0
2022-04-19,11.8,13.2,SSE,35.0
2022-04-20,5.0,16.3,W,35.0
2022-04-21,8.0,13.3,SSE,33.0
2022-04-22,7.8,15.8,ESE,48.0
2022-04-23,7.3,18.2,ESE,35.0
2022-04-24,8.1,19.1,ESE,31.0
2022-04-25,5.4,20.9,N,35.0
2022-04-26,7.6,21.3,NE,35.0
2022-04-27,14.3,19.1,NNE,39.0
2022-04-28,13.9,18.1,N,50.0
2022-04-29,13.8,17.4,N,54.0
2022-04-30,7.8,14.9,W,50.0
2022-03-01,16.9,21.0,ESE,39.0
2022-03-02,16.9,26.2,ENE,35.0
2022-03-03,13.6,30.3,SE,31.0
2022-03-04,15.2,28.6,NNE,39.0
2022-03-05,13.7,21.2,S,44.0
2022-03-06,11.0,19.1,SE,76.0
2022-03-07,11.6,20.7,SE,72.0
2022-03-08,11.4,18.4,SSE,69.0
2022-03-09,11.8,19.0,SE,69.0
2022-03-10,7.7,19.4,SSE,43.0
2022-03-11,8.5,19.8,None,0.0
2022-03-12,9.0,24.2,SE,43.0
2022-03-13,11.3,26.7,N,48.0
2022-03-14,12.3,28.8,ESE,43.0
2022-03-15,14.5,21.3,NNE,44.0
2022-03-16,15.3,18.8,NNE,43.0
2022-03-17,15.7,26.5,N,37.0
2022-03-18,14.4,20.7,SE,46.0
2022-03-19,11.3,26.5,N,54.0
2022-03-20,10.4,27.0,ESE,30.0
2022-03-21,9.0,29.5,SSW,35.0
2022-03-22,10.8,21.7,WSW,41.0
2022-03-23,9.1,17.9,S,41.0
2022-03-24,5.7,19.7,SSE,33.0
2022-03-25,7.8,19.5,ESE,43.0
2022-03-26,10.5,25.4,ESE,46.0
2022-03-27,8.4,26.1,N,50.0
2022-03-28,14.8,24.6,SE,37.0
2022-03-29,12.4,22.9,ESE,41.0
2022-03-30,10.5,19.0,SSE,59.0
2022-03-31,9.1,16.9,S,81.0
2022-02-01,14.8,22.2,SSW,52.0
2022-02-02,8.6,19.1,S,46.0
2022-02-03,8.9,17.2,S,50.0
2022-02-04,9.6,22.6,SE,48.0
2022-02-05,11.7,23.9,ESE,43.0
2022-02-06,10.9,26.9,ESE,44.0
2022-02-07,10.6,28.0,ESE,43.0
2022-02-08,10.7,28.1,NNE,46.0
2022-02-09,16.2,28.9,NNW,44.0
2022-02-10,12.7,24.0,SSE,41.0
2022-02-11,9.2,20.4,SSE,57.0
2022-02-12,11.6,27.9,SSE,48.0
2022-02-13,16.5,32.0,N,65.0
2022-02-14,14.6,33.9,N,46.0
2022-02-15,13.9,27.8,SE,41.0
2022-02-16,13.6,29.0,ESE,33.0
2022-02-17,12.5,23.1,SW,35.0
2022-02-18,10.1,20.6,SSW,46.0
2022-02-19,7.8,26.5,SSE,43.0
2022-02-20,6.0,24.9,NW,46.0
2022-02-21,6.4,19.5,S,43.0
2022-02-22,10.4,26.7,ESE,43.0
2022-02-23,9.4,30.2,NNE,39.0
2022-02-24,16.7,28.2,SE,44.0
2022-02-25,13.0,23.5,SE,56.0
2022-02-26,14.1,26.9,ESE,50.0
2022-02-27,15.3,27.3,SE,44.0
2022-02-28,16.1,26.9,SE,43.0
2022-01-01,18.0,34.3,W,50.0
2022-01-02,19.4,31.3,S,43.0
2022-01-03,12.4,23.0,SSE,52.0
2022-01-04,11.6,19.3,SSE,46.0
2022-01-05,13.9,25.0,E,50.0
2022-01-06,15.2,25.9,NNE,41.0
2022-01-07,15.8,24.2,S,46.0
2022-01-08,14.3,21.3,S,33.0
2022-01-09,11.3,26.7,SE,35.0
2022-01-10,11.4,32.0,ESE,44.0
2022-01-11,15.6,27.6,ESE,57.0
2022-01-12,15.4,26.9,ESE,57.0
2022-01-13,16.8,30.5,NNE,57.0
2022-01-14,17.8,29.1,N,48.0
2022-01-15,14.5,22.6,SSW,37.0
2022-01-16,9.7,32.0,W,35.0
2022-01-17,13.9,25.1,SSW,41.0
2022-01-18,9.2,19.9,SE,54.0
2022-01-19,11.7,24.3,SE,65.0
2022-01-20,11.3,26.9,ESE,52.0
2022-01-21,14.2,29.7,ESE,50.0
2022-01-22,14.9,30.6,E,44.0
2022-01-23,15.8,31.3,ESE,39.0
2022-01-24,16.7,32.5,NNE,41.0
2022-01-25,18.5,33.7,ESE,44.0
2022-01-26,18.8,33.9,NNW,56.0
2022-01-27,19.6,30.7,NNW,63.0
2022-01-28,19.8,29.3,NNE,54.0
2022-01-29,15.0,22.1,SE,52.0
2022-01-30,15.2,27.8,SE,44.0
2022-01-31,15.5,32.1,NNW,43.0
2021-12-01,17.1,30.5,NW,57.0
2021-12-02,12.9,29.8,NNW,69.0
2021-12-03,6.1,20.1,SSE,37.0
2021-12-04,6.7,17.3,SSW,50.0
2021-12-05,5.1,20.0,SE,54.0
2021-12-06,7.5,25.2,N,56.0
2021-12-07,10.8,16.2,SSW,44.0
2021-12-08,4.3,14.8,S,52.0
2021-12-09,7.1,16.1,SSE,61.0
2021-12-10,6.0,17.4,SSE,50.0
2021-12-11,8.7,19.2,ESE,41.0
2021-12-12,7.5,26.2,SE,35.0
2021-12-13,12.9,29.1,N,50.0
2021-12-14,10.9,27.7,SSE,37.0
2021-12-15,11.3,19.8,SSE,35.0
2021-12-16,7.1,21.2,S,37.0
2021-12-17,5.5,27.7,NW,39.0
2021-12-18,18.0,30.3,W,48.0
2021-12-19,9.7,17.4,W,76.0
2021-12-20,4.1,25.2,WNW,44.0
2021-12-21,8.5,24.9,S,39.0
2021-12-22,10.5,21.4,SSE,41.0
2021-12-23,8.6,22.9,SE,37.0
2021-12-24,9.5,28.8,S,43.0
2021-12-25,12.0,24.2,S,44.0
2021-12-26,10.2,18.6,SSE,61.0
2021-12-27,9.0,19.2,SSE,70.0
2021-12-28,9.7,23.1,SE,57.0
2021-12-29,10.6,28.4,ESE,41.0
2021-12-30,8.3,32.7,W,37.0
2021-12-31,13.6,35.5,NNW,57.0
2021-11-01,3.6,22.4,E,31.0
2021-11-02,7.4,26.2,N,56.0
2021-11-03,17.3,18.6,N,61.0
2021-11-04,9.1,17.9,SE,48.0
2021-11-05,8.7,24.0,E,46.0
2021-11-06,13.7,20.8,NW,56.0
2021-11-07,9.8,14.0,ESE,33.0
2021-11-08,5.0,14.1,SSE,31.0
2021-11-09,3.3,17.6,W,28.0
2021-11-10,6.7,14.3,SSE,39.0
2021-11-11,3.9,14.4,SE,56.0
2021-11-12,7.6,12.0,SE,74.0
2021-11-13,7.0,12.7,SSE,44.0
2021-11-14,1.0,11.6,SW,76.0
2021-11-15,2.9,11.3,SSW,57.0
2021-11-16,3.9,11.4,SSW,28.0
2021-11-17,2.4,18.3,ENE,26.0
2021-11-18,7.8,23.8,NNW,70.0
2021-11-19,8.9,15.6,ESE,39.0
2021-11-20,7.5,17.1,ESE,39.0
2021-11-21,5.2,16.8,ESE,46.0
2021-11-22,9.0,23.3,E,48.0
2021-11-23,13.0,21.4,NNW,46.0
2021-11-24,14.0,25.6,NNW,31.0
2021-11-25,12.4,13.9,ESE,52.0
2021-11-26,7.4,17.2,E,59.0
2021-11-27,8.5,17.7,ENE,69.0
2021-11-28,8.2,20.7,ENE,44.0
2021-11-29,6.3,25.9,ENE,35.0
2021-11-30,12.4,28.3,NW,35.0
2021-10-01,10.4,17.5,N,30.0
2021-10-02,10.3,17.0,SSW,35.0
2021-10-03,6.7,14.9,NW,43.0
2021-10-04,5.1,12.9,WNW,76.0
2021-10-05,6.7,14.4,W,54.0
2021-10-06,1.1,17.6,NW,65.0
2021-10-07,4.5,12.4,SW,61.0
2021-10-08,1.7,17.5,NNW,50.0
2021-10-09,5.3,19.8,N,39.0
2021-10-10,3.9,13.1,S,48.0
2021-10-11,0.7,12.7,ESE,37.0
2021-10-12,4.4,16.2,ESE,41.0
2021-10-13,9.7,16.8,NNE,44.0
2021-10-14,6.1,13.5,NW,46.0
2021-10-15,3.9,12.1,SW,57.0
2021-10-16,7.6,12.5,SW,50.0
2021-10-17,6.7,15.1,NNW,31.0
2021-10-18,6.6,15.7,SW,37.0
2021-10-19,6.5,14.8,SE,44.0
2021-10-20,6.1,21.0,E,50.0
2021-10-21,12.9,22.4,N,54.0
2021-10-22,8.8,22.0,N,48.0
2021-10-23,9.9,14.8,SSW,43.0
2021-10-24,6.0,13.1,S,41.0
2021-10-25,5.8,13.0,SSE,44.0
2021-10-26,4.3,18.6,ESE,30.0
2021-10-27,5.6,24.6,N,52.0
2021-10-28,9.9,24.3,W,61.0
2021-10-29,7.0,13.1,WSW,100.0
2021-10-30,0.0,12.8,WSW,48.0
2021-10-31,0.7,17.9,NW,31.0
2021-09-01,4.8,19.3,N,44.0
2021-09-02,9.5,21.7,N,69.0
2021-09-03,13.5,14.3,NNE,50.0
2021-09-04,6.6,11.0,SSE,43.0
2021-09-05,4.1,10.8,WSW,46.0
2021-09-06,4.7,13.1,SSW,52.0
2021-09-07,5.2,11.7,SW,46.0
2021-09-08,0.1,15.8,N,41.0
2021-09-09,7.8,21.0,NW,67.0
2021-09-10,6.3,16.3,N,43.0
2021-09-11,8.8,15.9,NNE,48.0
2021-09-12,4.2,11.5,WNW,48.0
2021-09-13,0.5,11.8,S,50.0
2021-09-14,0.3,12.0,SE,30.0
2021-09-15,1.6,12.4,SE,39.0
2021-09-16,3.6,14.3,ESE,26.0
2021-09-17,4.9,18.3,NNE,78.0
2021-09-18,5.9,12.3,W,61.0
2021-09-19,2.4,14.4,NW,57.0
2021-09-20,5.5,10.6,WSW,69.0
2021-09-21,1.7,10.0,S,44.0
2021-09-22,5.1,15.8,WSW,33.0
2021-09-23,4.4,16.4,NNW,41.0
2021-09-24,5.0,14.6,W,61.0
2021-09-25,3.5,10.3,S,43.0
2021-09-26,-0.7,15.3,ESE,46.0
2021-09-27,1.5,15.9,N,44.0
2021-09-28,5.2,19.9,NNW,33.0
2021-09-29,11.1,16.5,SE,46.0
2021-09-30,10.7,15.8,ESE,37.0
2021-08-01,2.1,11.2,W,35.0
2021-08-02,3.6,11.3,N,59.0
2021-08-03,2.5,9.7,SW,54.0
2021-08-04,4.5,10.7,WSW,46.0
2021-08-05,6.6,11.3,WSW,41.0
2021-08-06,7.2,10.8,WSW,39.0
2021-08-07,4.5,11.4,SW,39.0
2021-08-08,-0.2,11.8,N,28.0
2021-08-09,2.0,12.2,NNW,35.0
2021-08-10,2.6,13.9,NNE,69.0
2021-08-11,7.4,10.0,NNE,52.0
2021-08-12,3.7,12.4,NW,35.0
2021-08-13,3.3,13.5,WNW,41.0
2021-08-14,1.4,13.2,NNW,37.0
2021-08-15,3.8,14.7,NW,56.0
2021-08-16,6.9,11.2,WSW,52.0
2021-08-17,6.9,11.3,SW,33.0
2021-08-18,1.8,12.8,N,33.0
2021-08-19,3.1,13.6,N,41.0
2021-08-20,5.9,13.2,N,56.0
2021-08-21,4.3,14.8,NNW,44.0
2021-08-22,5.6,17.0,N,67.0
2021-08-23,5.9,10.0,NW,44.0
2021-08-24,1.3,9.9,S,48.0
2021-08-25,4.5,10.1,SSE,50.0
2021-08-26,1.6,9.8,SE,35.0
2021-08-27,-1.4,13.3,WNW,24.0
2021-08-28,-0.4,13.6,N,52.0
2021-08-29,5.8,12.6,NNE,50.0
2021-08-30,2.1,14.2,N,50.0
2021-08-31,6.5,19.8,NNW,61.0
2021-07-01,8.0,11.8,NNE,41.0
2021-07-02,8.0,10.1,NNE,48.0
2021-07-03,2.8,6.3,N,39.0
2021-07-04,2.6,9.1,WNW,50.0
2021-07-05,5.2,9.2,W,33.0
2021-07-06,4.9,8.7,NNW,22.0
2021-07-07,3.8,9.5,NNW,26.0
2021-07-08,-2.4,8.5,N,24.0
2021-07-09,-2.1,11.1,SE,24.0
2021-07-10,-0.7,13.1,SE,26.0
2021-07-11,-1.0,10.4,NNE,52.0
2021-07-12,5.6,11.7,N,54.0
2021-07-13,5.6,11.1,N,44.0
2021-07-14,6.6,9.6,NNE,54.0
2021-07-15,6.6,12.5,NNW,48.0
2021-07-16,6.6,10.9,N,46.0
2021-07-17,3.5,8.9,SW,48.0
2021-07-18,4.2,9.1,WSW,37.0
2021-07-19,4.3,9.7,NNW,37.0
2021-07-20,5.5,7.5,SSW,65.0
2021-07-21,1.0,8.9,WSW,31.0
2021-07-22,1.3,6.4,N,57.0
2021-07-23,3.6,7.1,N,56.0
2021-07-24,4.1,9.9,WNW,72.0
2021-07-25,1.3,8.6,WNW,50.0
2021-07-26,3.3,12.4,NNW,56.0
2021-07-27,5.3,13.5,N,70.0
2021-07-28,6.9,11.3,W,74.0
2021-07-29,1.7,10.8,N,43.0
2021-07-30,2.6,10.4,NNE,67.0
2021-07-31,5.2,13.8,NNE,63.0
2021-06-01,5.6,13.4,N,39.0
2021-06-02,5.3,15.9,NNE,33.0
2021-06-03,6.5,15.1,SSW,24.0
2021-06-04,6.3,10.1,SW,39.0
2021-06-05,-1.6,9.2,N,46.0
2021-06-06,2.7,13.4,NNW,43.0
2021-06-07,7.3,14.4,NNE,67.0
2021-06-08,6.4,9.1,SW,46.0
2021-06-09,4.6,10.3,S,80.0
2021-06-10,7.2,10.5,S,80.0
2021-06-11,4.6,14.2,SE,46.0
2021-06-12,5.6,12.0,WSW,33.0
2021-06-13,4.7,11.4,WSW,15.0
2021-06-14,5.4,12.1,N,28.0
2021-06-15,3.8,10.3,NE,46.0
2021-06-16,8.3,10.8,NNE,54.0
2021-06-17,4.9,9.8,N,26.0
2021-06-18,6.2,11.7,SSW,43.0
2021-06-19,6.5,12.0,SSE,39.0
2021-06-20,3.4,11.5,S,35.0
2021-06-21,-1.3,11.1,N,31.0
2021-06-22,0.6,10.1,NNE,52.0
2021-06-23,7.1,9.8,N,63.0
2021-06-24,7.1,10.7,NNE,57.0
2021-06-25,7.5,11.9,N,37.0
2021-06-26,6.1,9.2,WNW,37.0
2021-06-27,5.1,12.8,N,30.0
2021-06-28,-0.5,10.8,N,28.0
2021-06-29,0.6,12.6,N,48.0
2021-06-30,7.1,12.2,NNE,50.0
2021-05-01,7.7,20.4,N,41.0
2021-05-02,13.6,23.1,N,50.0
2021-05-03,6.1,14.9,WSW,59.0
2021-05-04,5.7,9.5,S,61.0
2021-05-05,4.7,14.9,SE,50.0
2021-05-06,7.2,20.7,SE,50.0
2021-05-07,5.6,19.8,NNW,24.0
2021-05-08,6.7,16.8,W,28.0
2021-05-09,3.4,17.1,WNW,37.0
2021-05-10,7.0,12.2,S,56.0
2021-05-11,6.4,11.2,SE,50.0
2021-05-12,6.5,16.7,ESE,54.0
2021-05-13,3.6,12.5,SW,39.0
2021-05-14,2.7,10.4,W,41.0
2021-05-15,3.8,10.4,WSW,59.0
2021-05-16,3.3,11.2,WNW,43.0
2021-05-17,7.2,13.4,WSW,33.0
2021-05-18,5.1,12.7,N,30.0
2021-05-19,3.4,13.0,N,37.0
2021-05-20,7.1,14.9,N,33.0
2021-05-21,-0.9,16.5,NNW,17.0
2021-05-22,-1.9,14.8,N,31.0
2021-05-23,1.7,16.9,NNE,33.0
2021-05-24,5.2,17.1,NNE,56.0
2021-05-25,10.6,14.6,N,80.0
2021-05-26,7.2,11.3,NNW,50.0
2021-05-27,3.2,12.2,WSW,43.0
2021-05-28,6.7,9.7,S,46.0
2021-05-29,4.4,11.0,SSE,48.0
2021-05-30,2.1,13.0,SE,37.0
2021-05-31,0.5,11.7,N,48.0
2021-04-01,7.9,26.7,ESE,26.0
2021-04-02,9.0,27.4,ESE,22.0
2021-04-03,11.5,28.2,N,43.0
2021-04-04,11.9,27.7,WNW,43.0
2021-04-05,10.2,18.8,SE,50.0
2021-04-06,10.3,20.2,None,0.0
2021-04-07,11.7,25.5,SE,43.0
2021-04-08,8.0,25.8,NNW,44.0
2021-04-09,9.1,15.8,SW,41.0
2021-04-10,8.1,14.8,WSW,61.0
2021-04-11,3.9,11.2,SSW,61.0
2021-04-12,6.5,15.0,S,31.0
2021-04-13,4.0,16.1,N,67.0
2021-04-14,8.8,18.1,W,52.0
2021-04-15,7.5,16.8,WNW,44.0
2021-04-16,5.5,11.8,S,31.0
2021-04-17,7.8,14.7,SSW,33.0
2021-04-18,8.0,15.2,W,26.0
2021-04-19,5.2,17.7,NW,44.0
2021-04-20,7.4,13.5,SSW,46.0
2021-04-21,-1.8,12.0,WNW,30.0
2021-04-22,4.7,14.4,W,50.0
2021-04-23,6.0,13.0,W,35.0
2021-04-24,8.7,15.7,W,33.0
2021-04-25,5.9,14.3,W,31.0
2021-04-26,2.8,13.4,SSW,22.0
2021-04-27,9.0,14.9,S,28.0
2021-04-28,1.2,15.1,W,26.0
2021-04-29,1.2,20.2,W,20.0
2021-04-30,5.1,20.9,N,35.0
2021-03-01,11.5,20.8,SSW,52.0
2021-03-02,5.6,17.5,S,46.0
2021-03-03,8.1,17.9,S,43.0
2021-03-04,8.9,17.2,SSW,39.0
2021-03-05,9.2,18.2,SSE,52.0
2021-03-06,8.7,22.1,SSE,56.0
2021-03-07,6.1,26.6,N,37.0
2021-03-08,12.5,17.7,SSW,30.0
2021-03-09,9.8,19.8,S,33.0
2021-03-10,8.3,23.4,SSE,43.0
2021-03-11,9.4,26.5,S,33.0
2021-03-12,12.4,28.5,N,41.0
2021-03-13,15.4,22.6,WSW,50.0
2021-03-14,3.8,16.5,S,41.0
2021-03-15,3.6,17.8,SW,28.0
2021-03-16,9.9,23.6,SE,43.0
2021-03-17,9.9,25.6,N,37.0
2021-03-18,9.4,25.5,N,33.0
2021-03-19,10.7,26.9,SE,46.0
2021-03-20,12.6,25.1,SSE,48.0
2021-03-21,14.6,18.5,NE,59.0
2021-03-22,15.0,21.5,NE,54.0
2021-03-23,15.3,20.7,SE,33.0
2021-03-24,13.9,19.3,W,35.0
2021-03-25,11.3,17.7,W,50.0
2021-03-26,5.2,18.7,N,39.0
2021-03-27,10.4,18.6,WSW,46.0
2021-03-28,4.8,17.7,WSW,30.0
2021-03-29,7.7,18.4,S,31.0
2021-03-30,5.4,21.2,SSE,39.0
2021-03-31,7.4,24.0,None,0.0
2021-02-01,8.8,21.9,S,39.0
2021-02-02,9.5,19.3,S,48.0
2021-02-03,10.3,22.5,SSE,48.0
2021-02-04,10.1,25.7,N,48.0
2021-02-05,16.4,22.2,NNE,76.0
2021-02-06,11.4,22.1,WNW,46.0
2021-02-07,11.5,17.8,SSE,43.0
2021-02-08,9.8,19.1,SSE,50.0
2021-02-09,10.4,25.5,SE,54.0
2021-02-10,11.1,30.5,N,35.0
2021-02-11,16.6,33.2,NW,80.0
2021-02-12,12.8,21.9,WSW,39.0
2021-02-13,10.0,19.8,SSE,41.0
2021-02-14,9.8,20.9,SSE,44.0
2021-02-15,11.6,27.7,SE,52.0
2021-02-16,12.6,28.2,N,46.0
2021-02-17,13.7,30.5,SE,41.0
2021-02-18,14.6,28.5,NNE,57.0
2021-02-19,17.6,30.6,N,61.0
2021-02-20,19.6,32.1,N,48.0
2021-02-21,14.0,21.1,S,37.0
2021-02-22,11.2,19.4,SSW,46.0
2021-02-23,4.6,18.5,S,46.0
2021-02-24,5.4,19.5,SSE,35.0
2021-02-25,4.6,21.7,W,50.0
2021-02-26,8.6,19.1,SSE,41.0
2021-02-27,5.7,19.1,SSE,26.0
2021-02-28,6.3,28.1,NNW,41.0
2021-01-01,12.8,26.1,NNE,43.0
2021-01-02,15.7,25.1,S,44.0
2021-01-03,14.7,23.9,S,50.0
2021-01-04,11.6,17.6,S,52.0
2021-01-05,11.9,18.2,SSE,50.0
2021-01-06,9.5,19.1,SSE,52.0
2021-01-07,10.7,22.5,SSE,46.0
2021-01-08,11.1,26.3,SE,44.0
2021-01-09,9.9,31.0,SE,41.0
2021-01-10,13.1,35.9,ESE,31.0
2021-01-11,19.1,33.6,N,69.0
2021-01-12,14.0,23.4,S,46.0
2021-01-13,4.6,30.4,WNW,59.0
2021-01-14,9.9,21.4,SSW,37.0
2021-01-15,4.9,16.3,W,65.0
2021-01-16,8.3,17.0,WSW,52.0
2021-01-17,5.7,20.3,SSW,39.0
2021-01-18,9.8,21.0,SW,46.0
2021-01-19,8.9,18.8,SSE,52.0
2021-01-20,8.7,26.2,SE,54.0
2021-01-21,12.0,31.2,SE,39.0
2021-01-22,9.5,27.6,W,41.0
2021-01-23,11.1,32.2,W,35.0
2021-01-24,13.3,35.6,N,31.0
2021-01-25,21.0,36.5,NW,74.0
2021-01-26,15.5,21.1,S,50.0
2021-01-27,8.2,21.0,SE,69.0
2021-01-28,12.1,24.2,ESE,59.0
2021-01-29,14.8,19.6,NE,54.0
2021-01-30,12.6,21.4,SSW,35.0
2021-01-31,10.5,22.1,SE,46.0
2020-12-01,14.2,21.0,W,65.0
2020-12-02,3.8,17.2,W,33.0
2020-12-03,4.8,22.9,WNW,33.0
2020-12-04,6.0,21.7,WSW,31.0
2020-12-05,10.2,23.4,NNW,70.0
2020-12-06,7.4,17.3,WNW,61.0
2020-12-07,7.0,13.3,W,59.0
2020-12-08,5.5,13.6,WSW,37.0
2020-12-09,8.3,23.5,WSW,35.0
2020-12-10,9.0,16.5,SSE,59.0
2020-12-11,7.7,20.9,SE,52.0
2020-12-12,8.1,26.0,NNE,48.0
2020-12-13,14.4,27.8,NE,48.0
2020-12-14,16.0,30.5,NNE,50.0
2020-12-15,18.7,33.8,ESE,50.0
2020-12-16,11.7,24.9,SE,50.0
2020-12-17,12.1,27.1,WSW,44.0
2020-12-18,8.5,16.6,SW,43.0
2020-12-19,4.3,18.5,SE,37.0
2020-12-20,5.6,21.2,SE,46.0
2020-12-21,9.8,22.4,ESE,39.0
2020-12-22,10.0,12.3,SW,57.0
2020-12-23,6.2,16.7,SSW,33.0
2020-12-24,10.0,18.1,S,39.0
2020-12-25,6.6,18.6,SE,43.0
2020-12-26,6.9,27.2,WNW,44.0
2020-12-27,14.0,28.2,NW,74.0
2020-12-28,5.6,16.5,S,46.0
2020-12-29,4.1,20.5,SSE,43.0
2020-12-30,11.6,22.1,SSE,46.0
2020-12-31,11.5,21.8,SSE,52.0
2020-11-01,7.6,19.2,SSE,41.0
2020-11-02,4.5,26.2,N,30.0
2020-11-03,13.1,28.9,N,56.0
2020-11-04,15.5,16.8,SSW,43.0
2020-11-05,5.3,13.8,S,52.0
2020-11-06,4.3,13.6,WSW,33.0
2020-11-07,5.8,15.0,SSE,44.0
2020-11-08,6.4,22.2,SE,56.0
2020-11-09,8.6,25.5,NNE,39.0
2020-11-10,16.6,29.0,N,54.0
2020-11-11,16.5,19.9,NNE,67.0
2020-11-12,10.9,18.7,NW,48.0
2020-11-13,10.0,18.1,WNW,33.0
2020-11-14,9.2,20.3,NW,35.0
2020-11-15,9.7,27.7,N,69.0
2020-11-16,10.7,19.9,NNW,59.0
2020-11-17,5.2,19.6,WSW,39.0
2020-11-18,5.7,26.7,NW,35.0
2020-11-19,13.3,31.3,N,48.0
2020-11-20,11.0,23.9,ESE,43.0
2020-11-21,11.4,28.3,SE,43.0
2020-11-22,16.0,26.2,SSW,61.0
2020-11-23,14.4,17.5,SSW,41.0
2020-11-24,9.1,18.3,S,30.0
2020-11-25,8.2,27.5,S,43.0
2020-11-26,10.9,21.4,SSE,43.0
2020-11-27,7.8,32.6,NNW,46.0
2020-11-28,14.9,23.6,SSE,48.0
2020-11-29,10.7,17.1,WNW,70.0
2020-11-30,7.6,26.8,SE,46.0
2020-10-01,2.8,15.2,N,39.0
2020-10-02,8.5,24.9,N,54.0
2020-10-03,12.1,25.1,N,57.0
2020-10-04,13.8,22.5,NNE,59.0
2020-10-05,5.2,11.4,SE,50.0
2020-10-06,4.0,10.6,SSE,48.0
2020-10-07,5.9,15.6,NE,39.0
2020-10-08,8.6,10.8,NNE,65.0
2020-10-09,7.1,13.0,W,54.0
2020-10-10,2.1,18.0,WNW,33.0
2020-10-11,5.6,14.7,S,31.0
2020-10-12,1.9,21.1,NNW,44.0
2020-10-13,10.7,15.9,SSE,43.0
2020-10-14,7.8,21.9,SE,43.0
2020-10-15,10.8,19.9,NW,56.0
2020-10-16,5.6,14.6,ESE,56.0
2020-10-17,8.6,14.4,SW,41.0
2020-10-18,6.9,12.1,SSW,46.0
2020-10-19,4.0,13.3,WSW,28.0
2020-10-20,4.6,16.5,SE,28.0
2020-10-21,5.7,18.8,SE,35.0
2020-10-22,7.2,21.1,SE,39.0
2020-10-23,11.2,23.1,N,33.0
2020-10-24,8.5,12.7,SSW,50.0
2020-10-25,3.4,11.0,S,65.0
2020-10-26,4.6,14.2,SE,74.0
2020-10-27,7.6,16.5,ESE,48.0
2020-10-28,8.5,20.7,SE,43.0
2020-10-29,6.4,19.0,W,37.0
2020-10-30,9.6,19.3,SSE,50.0
2020-10-31,9.6,16.8,SSE,54.0
2020-09-01,-1.2,11.3,NNE,57.0
2020-09-02,6.1,15.9,N,74.0
2020-09-03,6.1,14.5,NW,70.0
2020-09-04,1.8,13.1,NNW,43.0
2020-09-05,5.1,14.0,NNW,30.0
2020-09-06,2.2,16.0,N,50.0
2020-09-07,6.1,18.9,NNE,78.0
2020-09-08,10.4,13.9,NNE,69.0
2020-09-09,4.6,13.5,SE,52.0
2020-09-10,4.1,17.5,SE,56.0
2020-09-11,6.6,15.3,N,65.0
2020-09-12,9.3,11.3,NNE,46.0
2020-09-13,7.4,13.5,W,33.0
2020-09-14,6.2,13.9,WSW,35.0
2020-09-15,4.5,15.8,W,20.0
2020-09-16,5.0,18.5,N,41.0
2020-09-17,9.0,12.6,SSE,46.0
2020-09-18,7.9,19.4,SE,41.0
2020-09-19,10.7,21.7,NNE,56.0
2020-09-20,11.9,15.9,NNE,63.0
2020-09-21,9.9,16.6,NNW,61.0
2020-09-22,7.6,13.9,WNW,70.0
2020-09-23,3.1,11.9,W,44.0
2020-09-24,3.3,10.6,NW,54.0
2020-09-25,3.6,7.0,W,44.0
2020-09-26,0.1,10.5,SW,56.0
2020-09-27,3.6,11.6,S,33.0
2020-09-28,-0.8,15.3,ESE,30.0
2020-09-29,1.4,16.0,N,56.0
2020-09-30,9.1,14.3,N,54.0
2020-08-01,3.9,13.1,NNE,43.0
2020-08-02,4.5,13.5,N,37.0
2020-08-03,1.4,11.1,WSW,35.0
2020-08-04,0.0,7.3,SSW,61.0
2020-08-05,-0.3,8.4,SW,37.0
2020-08-06,0.8,10.2,SE,54.0
2020-08-07,3.2,7.7,SE,50.0
2020-08-08,4.1,11.8,ESE,48.0
2020-08-09,6.9,11.5,SE,57.0
2020-08-10,5.3,14.8,SE,50.0
2020-08-11,1.6,9.3,NNE,52.0
2020-08-12,6.4,11.5,NNE,50.0
2020-08-13,7.9,14.0,N,39.0
2020-08-14,6.3,13.6,N,41.0
2020-08-15,4.6,13.1,SSW,24.0
2020-08-16,7.4,12.5,SW,39.0
2020-08-17,5.1,12.4,NNW,43.0
2020-08-18,5.7,13.2,N,61.0
2020-08-19,5.8,9.2,NW,57.0
2020-08-20,5.7,11.6,NW,50.0
2020-08-21,2.4,8.5,WSW,57.0
2020-08-22,2.0,6.9,WSW,65.0
2020-08-23,2.9,9.9,None,0.0
2020-07-01,4.5,12.9,NNW,57.0
2020-07-02,5.1,10.9,WNW,43.0
2020-07-03,2.5,7.0,WNW,52.0
2020-07-04,1.7,10.5,SW,37.0
2020-07-05,6.2,10.5,SSW,31.0
2020-07-06,4.0,10.5,SW,28.0
2020-07-07,5.9,10.7,ESE,28.0
2020-07-08,-0.4,11.3,N,28.0
2020-07-09,1.2,10.9,N,44.0
2020-07-10,2.7,11.8,N,28.0
2020-07-11,4.5,10.2,N,24.0
2020-07-12,6.7,11.1,SE,46.0
2020-07-13,7.0,12.9,SE,54.0
2020-07-14,7.2,10.5,SE,57.0
2020-07-15,6.1,11.7,ESE,48.0
2020-07-16,-0.9,11.3,SE,33.0
2020-07-17,-2.7,11.1,NNE,33.0
2020-07-18,0.1,7.7,N,57.0
2020-07-19,4.3,10.2,WNW,63.0
2020-07-20,3.6,9.7,WSW,39.0
2020-07-21,5.1,9.3,SSW,28.0
2020-07-22,5.8,9.4,SSW,26.0
2020-07-23,5.1,7.1,S,24.0
2020-07-24,-0.5,9.3,NNE,41.0
2020-07-25,1.7,13.3,ESE,35.0
2020-07-26,4.0,13.4,ESE,35.0
2020-07-27,3.3,10.7,S,56.0
2020-07-28,6.7,11.5,SE,44.0
2020-07-29,4.8,13.4,WSW,26.0
2020-07-30,2.7,11.8,S,20.0
2020-07-31,-1.4,12.6,N,28.0
2020-06-01,4.4,7.3,N,54.0
2020-06-02,4.2,10.9,W,41.0
2020-06-03,6.8,10.7,SSE,46.0
2020-06-04,1.0,13.0,SE,30.0
2020-06-05,0.4,11.7,NW,20.0
2020-06-06,-1.3,10.9,SSE,31.0
2020-06-07,4.5,8.7,SE,33.0
2020-06-08,1.2,9.8,S,26.0
2020-06-09,-3.5,10.0,N,35.0
2020-06-10,1.1,12.5,N,33.0
2020-06-11,-2.4,13.7,NW,17.0
2020-06-12,-0.3,11.0,NNE,52.0
2020-06-13,4.9,13.3,NNE,59.0
2020-06-14,3.8,11.5,NNW,48.0
2020-06-15,6.6,13.5,NNW,46.0
2020-06-16,9.1,13.6,WNW,48.0
2020-06-17,4.5,9.9,SSE,17.0
2020-06-18,0.2,12.5,N,54.0
2020-06-19,3.7,13.1,N,65.0
2020-06-20,7.8,9.6,N,46.0
2020-06-21,5.0,8.6,NNW,26.0
2020-06-22,3.4,10.1,WNW,37.0
2020-06-23,5.6,13.3,S,33.0
2020-06-24,6.1,13.0,SSE,22.0
2020-06-25,4.3,11.8,N,35.0
2020-06-26,-0.3,9.9,WNW,20.0
2020-06-27,1.7,11.2,WSW,17.0
2020-06-28,-2.2,11.5,SSE,22.0
2020-06-29,-2.1,11.2,NNE,44.0
2020-06-30,2.7,9.5,N,61.0
2020-05-01,4.8,8.1,W,69.0
2020-05-02,5.1,10.2,WSW,57.0
2020-05-03,5.4,10.6,SSW,33.0
2020-05-04,6.7,11.5,SSE,31.0
2020-05-05,1.4,15.4,N,43.0
2020-05-06,8.7,15.8,NNE,57.0
2020-05-07,10.5,17.5,NNE,65.0
2020-05-08,7.2,15.9,NNW,48.0
2020-05-09,7.3,10.9,W,61.0
2020-05-10,1.8,11.6,W,37.0
2020-05-11,2.1,14.4,N,30.0
2020-05-12,6.3,13.4,N,46.0
2020-05-13,6.1,11.8,S,35.0
2020-05-14,-1.2,11.6,SSE,31.0
2020-05-15,-0.8,13.9,SE,22.0
2020-05-16,0.4,13.8,N,35.0
2020-05-17,-0.3,16.0,ESE,15.0
2020-05-18,-0.2,15.2,N,43.0
2020-05-19,5.4,15.4,N,56.0
2020-05-20,6.0,11.9,NNW,98.0
2020-05-21,5.5,10.4,SSW,43.0
2020-05-22,5.6,10.6,SSE,24.0
2020-05-23,5.5,11.8,S,39.0
2020-05-24,6.8,10.7,SSE,46.0
2020-05-25,4.4,12.8,ESE,50.0
2020-05-26,-0.5,14.1,NNE,43.0
2020-05-27,8.0,13.8,NNE,43.0
2020-05-28,4.0,13.0,N,31.0
2020-05-29,3.7,13.5,N,44.0
2020-05-30,6.1,13.4,N,74.0
2020-05-31,5.9,13.1,N,57.0
2020-04-01,6.6,22.4,NNE,33.0
2020-04-02,12.4,14.6,E,48.0
2020-04-03,10.5,20.8,NNE,63.0
2020-04-04,9.2,12.6,W,65.0
2020-04-05,4.7,14.4,None,0.0
2020-04-06,6.9,12.5,S,26.0
2020-04-07,6.3,12.7,S,30.0
2020-04-08,8.6,16.3,SE,48.0
2020-04-09,8.2,21.6,SE,41.0
2020-04-10,8.9,19.4,NNW,46.0
2020-04-11,8.8,12.3,W,69.0
2020-04-12,7.6,11.5,SW,33.0
2020-04-13,8.3,18.0,WNW,24.0
2020-04-14,9.0,20.4,N,41.0
2020-04-15,11.1,21.9,N,50.0
2020-04-16,9.5,17.7,WSW,50.0
2020-04-17,4.9,15.8,WSW,46.0
2020-04-18,9.2,12.9,W,30.0
2020-04-19,5.9,16.0,N,59.0
2020-04-20,9.7,17.6,N,67.0
2020-04-21,2.6,16.6,NW,43.0
2020-04-22,5.1,15.7,W,31.0
2020-04-23,4.1,16.1,N,50.0
2020-04-24,9.1,19.3,WNW,33.0
2020-04-25,6.2,18.9,N,50.0
2020-04-26,11.9,15.2,WNW,57.0
2020-04-27,0.7,14.4,WNW,24.0
2020-04-28,3.3,13.5,N,54.0
2020-04-29,9.3,13.7,W,65.0
2020-04-30,1.6,11.0,WNW,69.0
2020-03-01,9.8,31.3,WNW,61.0
2020-03-02,8.9,18.0,S,50.0
2020-03-03,9.0,19.1,SSE,52.0
2020-03-04,10.7,21.7,SE,46.0
2020-03-05,13.8,18.9,SSE,31.0
2020-03-06,12.1,17.3,SSW,41.0
2020-03-07,9.3,18.8,S,52.0
2020-03-08,11.3,19.3,SE,52.0
2020-03-09,10.0,19.0,ESE,50.0
2020-03-10,8.9,25.2,SE,37.0
2020-03-11,11.1,28.2,N,43.0
2020-03-12,16.2,28.5,N,57.0
2020-03-13,17.2,28.0,S,61.0
2020-03-14,6.7,16.3,SSE,63.0
2020-03-15,8.8,16.6,SSE,43.0
2020-03-16,9.3,24.2,ESE,46.0
2020-03-17,8.3,27.2,NNE,48.0
2020-03-18,15.9,29.2,N,52.0
2020-03-19,17.4,30.9,NNW,63.0
2020-03-20,8.6,20.2,W,54.0
2020-03-21,7.6,19.9,S,31.0
2020-03-22,7.1,18.0,S,44.0
2020-03-23,5.8,17.0,S,46.0
2020-03-24,8.6,17.9,SE,39.0
2020-03-25,6.1,16.9,S,50.0
2020-03-26,9.2,19.2,SE,54.0
2020-03-27,7.1,25.5,NNE,39.0
2020-03-28,12.6,26.3,N,56.0
2020-03-29,16.5,22.8,N,57.0
2020-03-30,9.5,20.2,W,39.0
2020-03-31,6.2,21.3,WSW,26.0
2020-02-01,21.9,25.4,NNW,48.0
2020-02-02,10.5,22.3,W,50.0
2020-02-03,9.1,16.6,SSW,54.0
2020-02-04,5.6,19.8,SSE,48.0
2020-02-05,9.2,21.8,SE,54.0
2020-02-06,11.1,28.9,SE,56.0
2020-02-07,14.8,27.4,SE,48.0
2020-02-08,16.7,26.6,SE,57.0
2020-02-09,16.0,25.4,SE,54.0
2020-02-10,15.6,22.7,ESE,43.0
2020-02-11,16.1,24.7,S,43.0
2020-02-12,15.7,23.0,SE,54.0
2020-02-13,16.6,29.9,SE,57.0
2020-02-14,17.5,29.5,SW,56.0
2020-02-15,15.8,18.9,S,41.0
2020-02-16,12.2,22.2,SE,50.0
2020-02-17,12.6,28.0,SE,44.0
2020-02-18,15.8,22.3,W,70.0
2020-02-19,11.0,18.0,S,56.0
2020-02-20,9.7,18.1,S,41.0
2020-02-21,9.4,18.0,S,48.0
2020-02-22,9.3,22.4,SE,46.0
2020-02-23,7.7,31.6,NW,52.0
2020-02-24,13.2,28.9,N,43.0
2020-02-25,16.8,29.8,NW,56.0
2020-02-26,11.4,17.8,SW,50.0
2020-02-27,3.6,16.5,None,0.0
2020-02-28,8.7,17.6,WSW,43.0
2020-02-29,9.9,23.9,SSE,28.0
2020-01-01,7.4,25.9,WSW,41.0
2020-01-02,8.6,27.2,ESE,39.0
2020-01-03,10.9,34.9,N,43.0
2020-01-04,17.1,24.4,S,56.0
2020-01-05,9.2,14.1,SSE,57.0
2020-01-06,9.2,18.6,SE,54.0
2020-01-07,12.8,21.7,SE,54.0
2020-01-08,12.9,26.6,SE,52.0
2020-01-09,14.5,33.0,SE,46.0
2020-01-10,18.1,29.0,WNW,72.0
2020-01-11,10.0,18.9,S,50.0
2020-01-12,9.0,22.1,SSE,56.0
2020-01-13,9.0,29.9,ESE,56.0
2020-01-14,15.7,34.1,ESE,44.0
2020-01-15,20.8,35.1,W,59.0
2020-01-16,12.1,20.5,SSE,54.0
2020-01-17,7.6,17.1,SE,59.0
2020-01-18,10.9,28.1,SE,54.0
2020-01-19,13.1,29.7,SE,57.0
2020-01-20,15.4,19.5,SSE,48.0
2020-01-21,10.6,24.3,SSW,35.0
2020-01-22,11.8,29.4,N,83.0
2020-01-23,10.2,18.7,WNW,63.0
2020-01-24,5.9,20.5,WNW,37.0
2020-01-25,8.3,26.5,NW,39.0
2020-01-26,11.4,24.2,WSW,35.0
2020-01-27,9.9,25.4,S,37.0
2020-01-28,10.0,27.1,WSW,35.0
2020-01-29,12.1,32.6,ESE,33.0
2020-01-30,13.1,37.2,N,52.0
2020-01-31,18.7,39.4,NNW,93.0
2019-12-01,5.6,14.6,NNW,52.0
2019-12-02,5.0,11.7,WSW,57.0
2019-12-03,4.8,19.3,W,61.0
2019-12-04,8.4,20.7,W,50.0
2019-12-05,4.3,20.4,WSW,57.0
2019-12-06,8.7,18.2,WSW,46.0
2019-12-07,5.0,21.4,SSW,35.0
2019-12-08,6.7,28.8,SE,26.0
2019-12-09,14.1,34.4,W,56.0
2019-12-10,10.3,20.3,S,44.0
2019-12-11,8.7,21.9,SSE,44.0
2019-12-12,9.5,17.3,SW,44.0
2019-12-13,6.9,19.3,SW,41.0
2019-12-14,10.1,20.6,WSW,35.0
2019-12-15,10.8,21.4,W,44.0
2019-12-16,9.1,24.9,SSW,37.0
2019-12-17,10.7,30.7,SSE,35.0
2019-12-18,12.4,30.4,NNW,41.0
2019-12-19,16.0,30.1,SE,41.0
2019-12-20,12.7,43.5,N,61.0
2019-12-21,13.6,20.1,S,52.0
2019-12-22,6.3,23.4,SE,48.0
2019-12-23,8.6,27.1,SE,41.0
2019-12-24,9.9,26.6,SSE,41.0
2019-12-25,12.2,30.6,SSW,46.0
2019-12-26,11.5,26.7,SSE,44.0
2019-12-27,10.4,35.0,SE,50.0
2019-12-28,17.5,36.8,WNW,44.0
2019-12-29,15.4,38.5,NNW,54.0
2019-12-30,18.1,39.9,NW,80.0
2019-12-31,10.9,21.7,S,61.0
2019-11-01,16.0,28.5,N,65.0
2019-11-02,12.6,17.4,W,54.0
2019-11-03,11.6,19.7,WNW,39.0
2019-11-04,2.9,12.7,WSW,63.0
2019-11-05,0.2,16.3,NW,37.0
2019-11-06,6.7,14.8,NNW,69.0
2019-11-07,6.8,13.2,W,56.0
2019-11-08,6.1,11.8,SSW,61.0
2019-11-09,2.9,10.8,W,52.0
2019-11-10,6.9,14.4,WSW,39.0
2019-11-11,3.4,26.0,N,50.0
2019-11-12,7.2,13.7,W,70.0
2019-11-13,4.2,14.4,W,52.0
2019-11-14,7.4,17.9,WSW,35.0
2019-11-15,8.2,16.2,W,48.0
2019-11-16,4.0,13.6,WSW,35.0
2019-11-17,5.7,15.4,SSW,35.0
2019-11-18,2.4,24.5,W,41.0
2019-11-19,6.8,20.4,SSE,35.0
2019-11-20,6.8,29.7,NE,48.0
2019-11-21,17.4,35.3,NNW,94.0
2019-11-22,7.6,19.7,S,35.0
2019-11-23,4.9,19.5,W,44.0
2019-11-24,3.8,23.7,N,28.0
2019-11-25,6.4,24.0,N,69.0
2019-11-26,7.3,13.4,SW,54.0
2019-11-27,0.8,21.8,NW,46.0
2019-11-28,6.3,23.2,SE,39.0
2019-11-29,6.7,21.5,SW,37.0
2019-11-30,4.7,17.1,W,35.0
2019-10-01,0.3,18.4,N,31.0
2019-10-02,7.0,21.8,N,41.0
2019-10-03,13.5,22.9,NNE,44.0
2019-10-04,7.6,13.2,SW,35.0
2019-10-05,6.7,20.0,NNE,50.0
2019-10-06,12.0,19.3,NNW,56.0
2019-10-07,6.7,14.4,None,0.0
2019-10-08,5.0,11.2,None,0.0
2019-10-09,4.2,11.0,S,35.0
2019-10-10,6.1,13.8,SSE,35.0
2019-10-11,5.8,15.3,SE,46.0
2019-10-12,5.9,19.0,SE,41.0
2019-10-13,8.7,19.3,NNE,44.0
2019-10-14,10.1,23.0,SSW,37.0
2019-10-15,7.5,17.2,S,31.0
2019-10-16,9.2,16.7,NNW,44.0
2019-10-17,5.4,10.6,W,69.0
2019-10-18,0.5,17.3,NW,69.0
2019-10-19,4.9,12.7,W,56.0
2019-10-20,4.5,12.5,WSW,41.0
2019-10-21,6.8,17.4,SE,26.0
2019-10-22,4.8,22.8,SSE,20.0
2019-10-23,4.1,26.0,ESE,24.0
2019-10-24,10.6,29.5,NNE,48.0
2019-10-25,11.7,18.9,NW,50.0
2019-10-26,5.1,13.1,W,70.0
2019-10-27,3.2,14.5,W,39.0
2019-10-28,2.5,20.3,S,24.0
2019-10-29,6.1,26.0,N,48.0
2019-10-30,9.3,29.8,NNW,35.0
2019-10-31,13.9,29.2,N,61.0
2019-09-01,7.6,15.9,NW,65.0
2019-09-02,6.0,13.6,N,43.0
2019-09-03,6.2,18.6,N,31.0
2019-09-04,3.9,15.5,NNW,33.0
2019-09-05,2.6,16.2,N,35.0
2019-09-06,4.3,10.6,W,59.0
2019-09-07,4.2,9.3,W,65.0
2019-09-08,5.1,10.1,W,67.0
2019-09-09,3.5,9.7,SSW,54.0
2019-09-10,3.5,10.6,W,22.0
2019-09-11,-0.6,15.4,N,41.0
2019-09-12,7.6,15.7,N,56.0
2019-09-13,-0.3,16.0,WNW,35.0
2019-09-14,6.8,16.9,NNE,30.0
2019-09-15,8.5,16.2,N,50.0
2019-09-16,5.8,10.3,S,50.0
2019-09-17,0.5,11.1,SSE,43.0
2019-09-18,-0.7,15.0,N,35.0
2019-09-19,5.0,19.4,NNE,74.0
2019-09-20,12.6,22.4,NNE,67.0
2019-09-21,9.6,13.9,NW,54.0
2019-09-22,0.8,11.5,NNW,41.0
2019-09-23,4.5,11.4,WSW,43.0
2019-09-24,2.1,10.4,W,31.0
2019-09-25,3.4,13.4,WSW,28.0
2019-09-26,1.1,16.5,NNW,35.0
2019-09-27,6.1,14.8,SW,56.0
2019-09-28,2.0,12.4,SSE,28.0
2019-09-29,4.7,12.5,SW,35.0
2019-09-30,5.8,12.4,S,41.0
2019-08-01,4.1,10.3,SSW,31.0
2019-08-02,5.6,9.7,W,26.0
2019-08-03,6.1,10.0,WSW,39.0
2019-08-04,5.6,9.8,WSW,17.0
2019-08-05,3.5,11.7,N,43.0
2019-08-06,5.2,10.2,N,54.0
2019-08-07,4.5,10.8,NNE,35.0
2019-08-08,2.8,8.9,N,67.0
2019-08-09,2.7,6.1,WNW,80.0
2019-08-10,0.1,9.0,W,54.0
2019-08-11,0.3,9.8,SW,52.0
2019-08-12,1.6,8.3,SSW,33.0
2019-08-13,4.1,9.2,WSW,24.0
2019-08-14,4.8,8.0,NNW,44.0
2019-08-15,1.3,11.4,N,46.0
2019-08-16,4.3,11.6,N,56.0
2019-08-17,0.4,12.3,NNE,43.0
2019-08-18,3.9,10.4,W,81.0
2019-08-19,1.7,8.3,WSW,50.0
2019-08-20,2.8,12.8,W,52.0
2019-08-21,7.6,12.7,W,63.0
2019-08-22,7.0,10.4,SW,67.0
2019-08-23,-1.5,11.9,NNE,52.0
2019-08-24,3.3,14.3,WSW,63.0
2019-08-25,2.0,9.2,WSW,41.0
2019-08-26,1.0,11.6,WSW,26.0
2019-08-27,3.6,12.4,W,31.0
2019-08-28,2.4,8.6,SSW,44.0
2019-08-29,0.5,9.6,SSE,44.0
2019-08-30,0.5,14.1,ESE,28.0
2019-08-31,1.8,15.2,NNE,56.0
2019-07-01,4.6,8.4,N,59.0
2019-07-02,3.5,10.1,N,44.0
2019-07-03,4.7,10.9,SE,31.0
2019-07-04,6.5,12.3,SE,43.0
2019-07-05,2.2,13.8,N,39.0
2019-07-06,5.4,14.7,N,46.0
2019-07-07,8.2,13.8,N,50.0
2019-07-08,5.0,11.8,W,35.0
2019-07-09,2.4,11.5,NW,35.0
2019-07-10,4.2,12.3,NW,96.0
2019-07-11,4.4,10.1,WSW,57.0
2019-07-12,5.3,10.8,NNW,57.0
2019-07-13,2.8,7.5,WSW,54.0
2019-07-14,2.8,9.2,W,72.0
2019-07-15,6.1,10.5,SSW,57.0
2019-07-16,6.9,9.3,W,39.0
2019-07-17,5.9,10.3,WSW,54.0
2019-07-18,4.0,10.4,NNW,44.0
2019-07-19,5.4,11.4,NNW,39.0
2019-07-20,5.1,12.0,N,63.0
2019-07-21,6.1,13.0,NNE,61.0
2019-07-22,3.1,12.7,N,72.0
2019-07-23,5.9,10.7,N,72.0
2019-07-24,2.1,11.2,WNW,33.0
2019-07-25,5.6,10.9,N,43.0
2019-07-26,6.2,10.3,NNE,39.0
2019-07-27,3.7,10.3,N,26.0
2019-07-28,-1.4,9.9,NW,22.0
2019-07-29,3.9,11.5,SSW,30.0
2019-07-30,4.7,9.0,S,35.0
2019-07-31,4.1,11.5,SE,37.0
2019-06-01,8.4,12.3,SSE,33.0
2019-06-02,6.1,9.7,WSW,50.0
2019-06-03,4.7,9.4,S,67.0
2019-06-04,4.6,8.3,None,0.0
2019-06-05,5.4,8.7,S,39.0
2019-06-06,6.4,11.2,SSW,28.0
2019-06-07,6.0,13.4,N,31.0
2019-06-08,1.9,13.5,NNE,41.0
2019-06-09,4.7,13.5,N,44.0
2019-06-10,6.3,14.5,N,70.0
2019-06-11,4.1,13.9,NNE,57.0
2019-06-12,8.4,12.5,NNW,63.0
2019-06-13,1.8,12.8,NNW,46.0
2019-06-14,5.7,11.3,NNW,44.0
2019-06-15,3.0,12.4,NW,24.0
2019-06-16,5.0,12.1,NNE,28.0
2019-06-17,2.3,10.8,N,39.0
2019-06-18,4.8,8.1,WSW,50.0
2019-06-19,0.7,9.4,SW,24.0
2019-06-20,-0.8,8.7,SW,28.0
2019-06-21,1.3,9.7,S,37.0
2019-06-22,1.5,9.1,S,28.0
2019-06-23,0.9,10.7,SE,31.0
2019-06-24,-2.5,11.3,N,28.0
2019-06-25,0.5,12.3,N,48.0
2019-06-26,-0.5,13.6,N,33.0
2019-06-27,4.9,12.6,NNE,52.0
2019-06-28,7.3,14.6,N,57.0
2019-06-29,9.3,11.2,N,107.0
2019-06-30,3.8,9.5,NNW,48.0
2019-05-01,10.7,18.7,NNE,67.0
2019-05-02,12.0,17.0,NNW,76.0
2019-05-03,4.6,16.1,NNW,44.0
2019-05-04,8.3,13.3,SW,41.0
2019-05-05,7.9,13.3,SSE,33.0
2019-05-06,5.7,13.9,SE,30.0
2019-05-07,1.6,16.7,NNW,56.0
2019-05-08,7.7,12.8,WSW,50.0
2019-05-09,5.2,12.2,N,56.0
2019-05-10,5.6,9.1,SSW,54.0
2019-05-11,5.3,11.6,SW,33.0
2019-05-12,7.9,13.3,NW,30.0
2019-05-13,9.1,13.3,NNW,46.0
2019-05-14,6.3,16.5,WNW,33.0
2019-05-15,6.9,14.5,W,22.0
2019-05-16,2.1,13.5,SE,19.0
2019-05-17,0.6,14.7,N,28.0
2019-05-18,2.0,17.2,N,28.0
2019-05-19,5.0,18.5,N,44.0
2019-05-20,11.0,16.3,N,52.0
2019-05-21,6.7,15.0,NNW,35.0
2019-05-22,5.4,16.9,N,28.0
2019-05-23,7.5,16.5,NNE,48.0
2019-05-24,9.5,16.1,N,52.0
2019-05-25,6.0,14.6,NNW,52.0
2019-05-26,4.0,10.6,W,61.0
2019-05-27,3.0,8.5,W,56.0
2019-05-28,3.6,12.6,WNW,61.0
2019-05-29,3.3,5.7,WSW,61.0
2019-05-30,1.5,9.6,WSW,41.0
2019-05-31,4.1,10.7,S,44.0
2019-04-01,7.4,18.3,SE,35.0
2019-04-02,3.1,22.6,N,44.0
2019-04-03,10.1,21.8,SE,41.0
2019-04-04,9.6,24.0,SE,46.0
2019-04-05,11.0,26.8,N,67.0
2019-04-06,11.6,18.7,SSW,35.0
2019-04-07,4.3,22.9,NW,57.0
2019-04-08,7.0,19.5,NW,52.0
2019-04-09,6.0,13.3,WSW,43.0
2019-04-10,2.7,14.0,SSE,31.0
2019-04-11,6.2,17.2,ESE,37.0
2019-04-12,2.3,21.4,NNE,43.0
2019-04-13,4.4,19.5,SE,39.0
2019-04-14,11.8,23.2,SE,37.0
2019-04-15,10.8,24.5,N,33.0
2019-04-16,17.2,28.3,N,50.0
2019-04-17,18.5,28.1,N,56.0
2019-04-18,5.4,16.9,S,44.0
2019-04-19,8.2,22.6,SE,39.0
2019-04-20,10.3,27.0,N,39.0
2019-04-21,16.2,24.5,NNE,46.0
2019-04-22,9.5,16.1,S,35.0
2019-04-23,9.1,19.4,SE,39.0
2019-04-24,10.3,22.2,SSW,37.0
2019-04-25,5.4,18.8,W,37.0
2019-04-26,7.6,12.6,WSW,65.0
2019-04-27,1.8,12.1,WSW,41.0
2019-04-28,7.4,14.6,WSW,41.0
2019-04-29,7.7,15.3,NNE,37.0
2019-04-30,5.2,19.2,N,59.0
2019-03-01,21.6,35.5,N,44.0
2019-03-02,20.0,34.4,N,56.0
2019-03-03,21.1,34.1,N,50.0
2019-03-04,13.7,33.1,WSW,39.0
2019-03-05,12.0,28.2,WSW,43.0
2019-03-06,8.0,14.7,SW,63.0
2019-03-07,1.2,21.8,N,33.0
2019-03-08,9.3,23.8,N,39.0
2019-03-09,12.8,27.6,S,35.0
2019-03-10,9.9,23.7,W,57.0
2019-03-11,12.5,20.9,SW,39.0
2019-03-12,10.5,16.7,W,48.0
2019-03-13,2.3,17.7,SSE,30.0
2019-03-14,4.7,22.3,S,39.0
2019-03-15,7.9,21.7,SE,57.0
2019-03-16,11.6,28.4,SE,61.0
2019-03-17,11.3,30.0,N,39.0
2019-03-18,13.6,26.5,SE,48.0
2019-03-19,15.1,23.5,SE,48.0
2019-03-20,16.0,25.6,SE,37.0
2019-03-21,16.3,24.8,SE,35.0
2019-03-22,16.0,31.1,NE,37.0
2019-03-23,17.1,31.2,NNE,56.0
2019-03-24,10.6,28.0,NNE,67.0
2019-03-25,9.2,14.8,WNW,69.0
2019-03-26,4.9,18.5,W,50.0
2019-03-27,4.4,22.3,WSW,24.0
2019-03-28,6.5,25.4,N,46.0
2019-03-29,12.6,27.2,NNW,85.0
2019-03-30,4.7,13.3,WSW,61.0
2019-03-31,5.9,15.4,WSW,43.0
2019-02-01,8.4,22.5,ESE,63.0
2019-02-02,7.9,33.7,NNW,48.0
2019-02-03,11.7,38.6,SE,54.0
2019-02-04,14.6,23.1,S,54.0
2019-02-05,12.7,25.0,SSE,61.0
2019-02-06,14.5,34.2,NW,69.0
2019-02-07,16.6,28.8,WNW,33.0
2019-02-08,14.4,23.1,WSW,39.0
2019-02-09,9.1,17.7,WSW,69.0
2019-02-10,5.6,23.6,WNW,35.0
2019-02-11,9.4,23.8,NW,46.0
2019-02-12,13.9,17.0,W,63.0
2019-02-13,6.0,18.5,SW,43.0
2019-02-14,4.1,22.9,S,33.0
2019-02-15,10.9,27.9,SE,43.0
2019-02-16,11.7,29.8,S,37.0
2019-02-17,11.4,29.5,SW,35.0
2019-02-18,16.0,26.4,WSW,41.0
2019-02-19,8.8,19.7,SW,43.0
2019-02-20,6.9,23.2,WSW,41.0
2019-02-21,7.8,22.6,SSE,43.0
2019-02-22,11.3,26.1,SSE,43.0
2019-02-23,12.0,26.4,SE,52.0
2019-02-24,10.7,31.0,N,57.0
2019-02-25,15.6,31.3,NNE,52.0
2019-02-26,13.9,30.6,SE,46.0
2019-02-27,11.1,34.3,SE,48.0
2019-02-28,17.6,36.3,NNE,52.0
2019-01-01,8.0,28.9,S,46.0
2019-01-02,13.3,26.0,SE,43.0
2019-01-03,12.3,32.8,SE,43.0
2019-01-04,16.6,39.7,NW,69.0
2019-01-05,11.5,21.6,SSE,48.0
2019-01-06,7.3,21.9,SSE,50.0
2019-01-07,12.6,26.9,SSE,43.0
2019-01-08,11.7,28.1,S,46.0
2019-01-09,10.8,21.1,SW,46.0
2019-01-10,5.9,23.8,SE,46.0
2019-01-11,10.6,31.6,SE,43.0
2019-01-12,15.6,30.7,SSE,57.0
2019-01-13,11.4,28.0,SE,63.0
2019-01-14,10.9,37.8,ESE,41.0
2019-01-15,13.9,37.6,SSW,43.0
2019-01-16,15.5,36.9,S,50.0
2019-01-17,20.4,33.6,W,61.0
2019-01-18,17.9,30.6,SSW,44.0
2019-01-19,9.2,24.9,SSE,41.0
2019-01-20,10.8,29.3,SSE,52.0
2019-01-21,14.5,35.1,SE,44.0
2019-01-22,15.3,36.9,SSW,46.0
2019-01-23,13.9,30.6,None,0.0
2019-01-24,14.6,39.3,None,0.0
2019-01-25,24.7,41.0,N,67.0
2019-01-26,14.9,31.3,W,52.0
2019-01-27,12.0,26.2,W,50.0
2019-01-28,11.2,31.7,N,44.0
2019-01-29,11.0,34.0,NNW,56.0
2019-01-30,11.7,36.7,NW,100.0
2019-01-31,11.9,21.2,SSW,50.0
